iteration,b0,b1,b2,b3,q,r,h,loglik,predicted,var,actual
1735,-0.000332899386795847,0.6130472665488571,0.11184076577110227,0.27603031112247445,0.14863145614395062,0.1700444084191869,0.1504294896411349,-9683.134860505237,-5.17918794836018,0.03798519005459909,-5.581994551165352
1736,0.0005516350878088294,0.4392544451457867,0.1990965862507681,0.36302047834018003,0.184005719377331,0.137063187302289,0.15616962571015125,-9681.280275727064,-5.354430849044427,0.047867252867381964,-5.089504907382561
1737,0.0004845839515857104,0.39216750516747845,0.20733070408338267,0.40174525131825256,0.19213756461844034,0.12563365131954513,0.15903382546028566,-9681.234893469453,-5.198864476309773,0.050878995437366015,-5.3932107573745895
1738,0.00023923913911684253,0.5072142088348679,0.15057925216183315,0.34321990991844153,0.1632152294739157,0.15677642767812955,0.15630167926849536,-9681.177878774595,-5.298838529035057,0.04200348492330504,-5.34153268040463
1739,0.0005448978608060107,0.48788894353800205,0.16372983153119178,0.3496455333218803,0.16677606689570873,0.15270505299833645,0.15700759197942155,-9679.721901372137,-5.3089310841805375,0.042946925070144575,-5.285098923507722
1740,0.0007378995513236933,0.509778825350371,0.14144244928237915,0.350129541004329,0.15992265970055636,0.15806429951034157,0.15762822238376337,-9679.635836407586,-5.290853862003772,0.041239302878120825,-5.120050493704591
1741,0.004080454011696093,0.49241379134299335,0.1475041088785341,0.36208248536235216,0.16278887103179934,0.1554844855339415,0.1584991963705205,-9679.82333001008,-5.214244482419522,0.042095226236893074,-5.084749136123752
1742,-0.0010209084111750867,0.4797569254464359,0.1583732512396812,0.36276615308278193,0.1669771302533624,0.15204998798015945,0.15829819383796861,-9679.937212524082,-5.1715815163297405,0.04318808642364158,-5.2636494682568085
1743,0.004601687976913632,0.621016963883027,0.12678403311546083,0.25382212500983736,0.14637949065872757,0.17033484828889872,0.14816210972437477,-9679.191877954114,-5.222545794938165,0.03697421965047085,-5.3414727870544905
1744,0.004275035214226907,0.5555393949379516,0.14301680259506042,0.3032616082412341,0.15497748332949418,0.16279755279736305,0.15296121039281171,-9678.509153446268,-5.273735927210508,0.03939466156135907,-5.208824835716763
1745,-0.9874556401371468,0.6248562870254444,0.1761974292629221,-0.011866437768733482,0.17363059162690034,0.16055398668353477,0.0821644104362993,-9675.482816450816,-5.202409235540227,0.039881651872306814,-5.423788218952827
1746,-0.01809676984375741,0.5927717070090321,0.12357867105237214,0.2810488908121649,0.1509164082037741,0.1661333973137581,0.1499419664290677,-9678.321854743604,-5.318686731600937,0.03817261619447893,-5.575483666335718
1747,-0.8357138798061121,0.6532956607901386,0.17824393145706685,-0.01343128721541173,0.16688651236838092,0.164409664457961,0.08120144270820703,-9676.260285538723,-5.378784836389514,0.0380312435447378,-5.753838058584359
1748,0.0026615556397127983,0.6225765602306959,0.09275799196290532,0.2863567490158129,0.14247670041523286,0.17161266835414124,0.1525757859862154,-9679.417666066194,-5.536435961922757,0.03665640524751661,-5.413100590100395
1749,-0.5532472719803572,0.7204432786003947,0.130730664780566,0.02534409921884348,0.15239426697813468,0.1754340480665384,0.09681751778308822,-9677.76631313287,-5.419295224849946,0.03579963246401936,-5.5062980664613095
1750,0.003854060655508498,0.562889726958214,0.11995135862611847,0.31923801630428894,0.1517714034596978,0.16493046269532288,0.15379959402925047,-9678.820060354563,-5.459624444509469,0.03879697749140232,-5.221299956640583
1751,-0.2843780906459743,0.6428509287597839,0.18766769287237506,0.11117530902658918,0.17993729089994165,0.1598921043047538,0.09518779613973327,-9678.59432550897,-5.324522037789748,0.04267350153668103,-5.114733836751399
1752,0.001991151073400197,0.5680105992320756,0.09387281679652404,0.3396491005206377,0.15008709755059524,0.16528804878987807,0.15467230582661018,-9679.42147171968,-5.257838364829185,0.03858658588748829,-5.130356521937352
1753,0.005057991386679121,0.5007056827984796,0.10856435081187664,0.39315742650523267,0.16593803668415497,0.15125934211913644,0.1554696624439469,-9677.519605638494,-5.231499413577979,0.042707763492832014,-5.504683204091913
1754,0.0018139188211224312,0.6525762210163635,0.014469565418132295,0.33435799166244823,0.13177375965238175,0.17412032670523328,0.155792331044609,-9675.782999420722,-5.36543346474963,0.03479211041624487,-4.921961624793942
1755,-0.9976530281936382,0.6713612137589646,0.11374374873116158,-0.005985799155458157,0.15237361002338412,0.1790532142126794,0.0933006206883848,-9674.985058945691,-5.140733290385439,0.035258817689857,-5.148281759719116
1756,0.0005348209334672459,0.6107376524657867,0.14434358497244246,0.24590944765406797,0.15667048243700993,0.16137316771604407,0.139320765936819,-9672.918652454506,-5.1894992159514075,0.03834746893612161,-5.29839935747004
1757,-0.49897172376611665,0.7852211508269655,0.05850640263028262,0.04929312177556017,0.14176159407221695,0.17261819050460558,0.08307694806116067,-9671.347341785133,-5.216666709169635,0.03230036616640165,-4.960477984651614
1758,0.0005275858288427049,0.658987899187237,0.1426937590195818,0.1991577860346183,0.1539299599043211,0.16609486516104716,0.12872332802273248,-9673.849877353006,-5.13204742729524,0.03700575283151289,-5.461464325863071
1759,-0.1626968619948016,0.7365641708870885,0.1350118769317432,0.09564162080093846,0.16183049193111687,0.1667254918244247,0.06021259977752885,-9673.356208027126,-5.279969469617099,0.03631153141570744,-4.99319652670446
1760,0.01703267619781612,0.9913684929372903,-0.28037067197922694,0.2934143948656127,-0.026114685365048507,0.15628016929190855,-1.3130400070616175,-9670.785751234422,-5.164135951630926,0.03873660574898065,-4.941572071595859
1761,0.012105271435561688,0.8318506340256967,-0.23760675505524326,0.40945450722912746,0.020538539606897277,0.15693536283260318,-1.2732276772120759,-9670.173337802331,-5.086467517931624,0.03784571555795771,-4.921377135268651
1762,-0.3296519735108294,0.5200713917885849,0.31602192621310055,0.09515046151616985,0.21889524346578426,0.1113417919531046,0.015448416362388927,-9671.215461256927,-5.016995853919494,0.051122102298660654,-5.309169243662045
1763,0.0014652820905228462,0.6018909406158557,0.165479745634524,0.2336842010702305,0.15037278692739797,0.16491196802756924,0.14201181901133061,-9671.22739528733,-5.184970226848955,0.036754444321520856,-5.368467982522056
1764,-1.0702888191035687,0.5697576149065602,0.2217915810610392,-0.020985707707563,0.18101050021368648,0.1462799990908938,0.09197123555955575,-9668.429002862435,-5.227767300395269,0.04168373985786836,-5.369427063811681
1765,0.0030547808342044416,0.5431334474495864,0.17160075790844082,0.28673743367898696,0.15792626677144048,0.15599559260651524,0.15030864567634328,-9669.90751126368,-5.286088766688066,0.03932248833386513,-5.428073747592782
1766,-0.5503853771740087,0.7752204937191235,0.1010440129684012,0.0071860377536253515,0.13490305285126508,0.180763853116493,0.07129184987050574,-9667.034058245988,-5.303560899333464,0.029974336377223763,-5.611906984486881
1767,-0.23384891959563398,0.6864212519660877,0.1827232509655784,0.08224992408384971,0.17177224746986736,0.16499679430903305,-0.02888871871013281,-9668.360029381367,-5.40626698604299,0.037897348985055694,-4.985259254105293
1768,-0.918047321173853,0.6697543249199793,0.15994999683453354,-0.024198689140131176,0.15656723470551062,0.1668961606314108,0.08152597761400124,-9666.941947000025,-5.202779008606917,0.03494784386788119,-5.735922386819444
1769,0.003068076759019721,0.6054208951174607,0.1690971131018617,0.22719415441158508,0.1350972123022634,0.16728155273179462,-0.3135177595047826,-9671.922453321518,-5.455309595327034,0.03623423515245135,-4.9276444865386555
1770,0.012914759201150254,1.181188271751144,-0.3353619950113955,0.15726970727915662,-0.019700756898092246,0.15670955818576093,-1.37860690859696,-9670.90350604383,-5.216132585488859,0.03911591214862911,-5.511304484378546
1771,0.011154124773234006,1.084602739412138,-0.1474413701884259,0.06562043411973187,8.487596368183835e-06,0.15958789162099574,-1.2850351788196115,-9670.44437036576,-5.346738237123372,0.03744154970481198,-5.460576960401571
1772,0.011080051904213567,1.0819465504182815,-0.14471051411880798,0.06552121492512311,5.91178612996398e-06,0.1594970182754684,-1.286160162391249,-9670.36866430799,-5.381428441686344,0.03743730465626545,-5.656679784407987
1773,0.0036750741527915055,0.8131089780699758,0.036735155501210134,0.15189452476450654,0.10543580542642966,0.18723701257012032,-0.25082903964979797,-9673.199691848156,-5.477484451470619,0.029112406332057805,-4.8845555248970705
1774,0.0035100864873178097,0.7605714167323168,0.07549802570247675,0.1655158448769451,0.1155782555429275,0.1854789416043003,-0.23874089101666088,-9675.209815934508,-5.2214725806499525,0.030336077571679256,-4.822756920055142
1775,0.0057474493904261835,1.2314707822700677,-0.43237433239624873,0.2025331201172755,-2.0891096387291093e-05,0.18992541573342292,-0.5576399437043391,-9672.053904092258,-5.068783625485702,0.028209215399628784,-5.251277386632479
1776,0.0029482928081775717,0.6648900358905871,0.08625376667243327,0.2502321265950874,0.12942723152091162,0.17513762330409727,-0.2740213592110342,-9673.744221294784,-5.183088282480705,0.03408045168091967,-5.4072432749678265
1777,0.0052149815616824935,0.8435969772054625,-0.0381563869224754,0.19648397898879963,0.09342774583813987,0.18950893113814343,-0.2745966351028335,-9671.691181476544,-5.273598174439244,0.02803860746464086,-5.209777918207519
1778,0.0038933465175235043,0.7628277283663122,0.025652106699127104,0.21321372982642622,0.1099447560847619,0.18415765979624155,-0.2584481654362986,-9671.09983040343,-5.252892347714876,0.02987243939310844,-5.425454849727517
1779,0.0008471311440540074,0.7425495294217683,0.08741474935703669,0.17095966441117103,0.13549462196166964,0.17911830624398828,0.10904073503645781,-9669.826907105502,-5.320126784699226,0.0314695204347364,-5.237013406466131
1780,-6.514661273197433e-06,0.7260934416914212,0.0937409784391465,0.18086457847380177,0.13787592683788547,0.17752748510395822,0.11074744747949264,-9669.336480763242,-5.279070041019286,0.03197401295727254,-4.937600819774564
1781,0.0024383573386018613,0.6601510044259826,0.06508620656575381,0.2760488505894447,0.12432602603221612,0.17624020712348654,-0.2704034653813393,-9669.707655217628,-5.143266888121469,0.0326464347310379,-5.21600297672727
1782,0.015519476249737672,0.6578611638111742,0.051200784775188184,0.294965788125903,0.12161649158437537,0.1772181016694604,-0.2756688074493233,-9669.603534141677,-5.197602226017686,0.03231290658822749,-5.201346172149896
1783,-0.21278233720983297,0.7331941012282515,0.13015422011980549,0.09273287583062675,0.15420081537852337,0.17403567839841033,-0.015548799523924035,-9668.459895790213,-5.181105345050315,0.032946152696810845,-4.951294395666993
1784,-0.3525962669179725,0.7181079877394754,0.10161046051868133,0.10692278718424975,0.13749419067633784,0.17928828685114406,-0.1490894684338493,-9668.712290428384,-5.0994242417962825,0.03159471614263642,-5.003291784146838
1785,0.0005587523528540171,0.672414449691223,0.10969546537941377,0.21854808970764855,0.14222754897595336,0.1742408237143469,0.12084847564810894,-9669.99825075062,-5.098601552756319,0.03332105780975925,-4.507791884857735
1786,-0.2145364997428354,0.7421178709220784,0.12354516550444603,0.08965446761378103,0.1516447987588836,0.17571850321718208,-0.03681234242787912,-9670.33821937873,-4.857125929779602,0.03267793301662571,-5.097489103730411
1787,-0.1713771655926608,0.6459024457599178,0.22226865873628324,0.09699649585812839,0.17670161946884405,0.15502766393192163,0.028272184298469387,-9671.516515021067,-5.0190056504239555,0.03835250550783413,-5.405828843625717
1788,-0.3805645822636309,0.645254868591993,0.16589446536252178,0.10870999388971575,0.16766392163549432,0.16316795506903792,0.06452510635299141,-9672.058700659087,-5.177819840456975,0.036657629921866206,-5.020976598506017
1789,-0.23273942313657017,0.7065399793981713,0.1508852952180743,0.09436859802929258,0.1608172567217668,0.17240817744784423,0.0004092546374469007,-9672.128869224605,-5.076843607936518,0.03450914058728449,-4.692689525507081
1790,0.0004909898707908579,0.6489524201025827,0.1191124782208726,0.2323962886980428,0.1451291187720405,0.174274284940713,0.1259106679595529,-9674.593984418027,-4.944719947914976,0.034480732296458275,-4.930021726659265
1791,0.00023663058918122403,0.6294789293276211,0.12563169304693816,0.24530199948269155,0.147233455907256,0.17247605790124837,0.12828297637261116,-9674.424183575176,-4.973919924513237,0.03507244223329132,-5.381636681146682
1792,-0.0832776261174876,0.5801682317450121,0.15572138915865702,0.24731534486118179,0.1494880225266848,0.16782793770267201,-0.23617266854825125,-9674.5957702019,-5.154518157836196,0.03682412044314638,-5.31210387359964
1793,-0.0009777459036673505,0.6476369411688777,0.1871563054112691,0.16526777092026182,0.1653377486324356,0.1673321785452947,0.08310100259947883,-9675.193453633556,-5.198310003509599,0.03699739645132666,-4.633288904925471
1794,0.0007766132997864489,0.5935466304356741,0.21277693454247637,0.19398478490124194,0.17108529505921305,0.16246258603372737,0.10175619944231186,-9677.66265924005,-4.940132443025917,0.03926278363871536,-5.29678522473747
1795,0.0009605303258520757,0.7202206745412038,0.14158690092412735,0.13843964654960378,0.14915972631855637,0.1803133115412371,0.07052218923729044,-9677.401136166229,-5.118517400130297,0.032958893000699076,-5.177555128030557
1796,0.0007363574824081462,0.717092068303101,0.14143616999380118,0.1416761433423657,0.1487624983940801,0.1802375426460555,0.07393196404942773,-9677.287377864237,-5.136288236474864,0.03292416764664161,-4.967823831325449
1797,0.0009808401380134715,0.698096241803606,0.14765666891821275,0.15451749784512026,0.14956558697644654,0.1789178262232146,0.08616426122869894,-9677.2079971918,-5.06237441010446,0.03344172211091533,-4.653589888819495
1798,0.0006735060904514074,0.6837029618749425,0.1488804589594716,0.1675325598613312,0.15016283005301342,0.17821125401239174,0.09564267817418919,-9678.337079223047,-4.908851339431033,0.033991486225004384,-4.584200792338922
1799,0.0007673579954890505,0.640934148898765,0.17172090375622617,0.1874325359579062,0.1582459563379986,0.17222148902510903,0.10382714352954239,-9678.826994701565,-4.817627440516621,0.03626323498818911,-4.949326576052132
1800,0.0005976691416767155,0.6345196588515292,0.17619012578097054,0.18935287696082836,0.15840779066500033,0.1720617489951724,0.10413186615625653,-9678.75361942173,-4.912023280611627,0.03624154286941979,-5.355117141894548
1801,0.0006334588963108219,0.5691858599740977,0.1981589248218172,0.23301106355332074,0.16923654471433075,0.16311990371757523,0.11410067249273126,-9679.412972348335,-5.091817266968332,0.03952183108700848,-5.000599882309885
1802,-0.30204635756959275,0.589395264536544,0.23310233025719881,0.11424919463344899,0.18691737934912495,0.15582733247636807,0.03620906986739037,-9677.65140119658,-4.9917881689492845,0.04143912774096585,-4.984770352109729
1803,0.0009435055451378108,0.589983576031191,0.18543375881676244,0.22494430647941324,0.16447264526761662,0.16685813748136386,0.11288860691672764,-9679.200029344014,-4.999469851754827,0.03821747493337022,-5.2553864234047545
1804,0.0006996263064253523,0.6166948727935324,0.16291361859617767,0.22072678844983143,0.1570715266026806,0.17196608213914877,0.11393125496170406,-9679.447242056978,-5.1048275117956186,0.03648110242563289,-5.419197603917011
1805,0.00010943780868938172,0.5830210804273197,0.18159531673156515,0.23587527888171378,0.1627071242048891,0.16739312834938824,0.11883058330508689,-9679.922620884754,-5.2111033399425395,0.0381793272223164,-5.355415053733991
1806,-0.2343604625669775,0.6640237915496914,0.18240911158187179,0.10522519734730706,0.1648764098865526,0.17576207720575787,0.0516376695259875,-9678.613544432455,-5.2176091414091985,0.03624080526069256,-5.254203540781652
1807,0.000820404719051943,0.5826151069084967,0.17704006412012724,0.2409799827161005,0.1637966152235518,0.16648777026859682,0.11919349863302225,-9679.942334690151,-5.209024547717732,0.03853965071882728,-5.531624138849434
1808,-0.14343697815739898,0.7168004712626401,0.13377825920762138,0.12005349569016308,0.15322082584209112,0.1781281845775109,-0.08431387445622032,-9679.408357081527,-5.31348236930792,0.03400117413351057,-5.42883575612488
1809,-0.06454437690651899,0.7308991729282635,0.12355334082742159,0.13213591785454815,0.158740136518986,0.18216788106346954,0.034163647745908715,-9679.892113666976,-5.317972409890007,0.03532812713567915,-4.989235325837016
1810,0.0006848702183556312,0.5799940356652797,0.17393106491616792,0.24669997503778018,0.16247704718259526,0.16758579936889867,0.12214621062610978,-9681.015061040296,-5.166454872462332,0.038457435633986604,-5.258842459957203
1811,-0.5356018247768393,0.6618720583532091,0.15810294294112287,0.06272471438884802,0.16314072919487263,0.1719759616560599,0.07590921841226522,-9678.824455912567,-5.202542904797233,0.03669380708082667,-4.862396754554718
1812,0.00045042732257542534,0.6011413732983617,0.1630551362692188,0.23632164743376638,0.15995309043993036,0.1703183056241857,0.11943740414777304,-9681.597779953403,-5.0747771769933525,0.03772466755311184,-4.744243257343085
1813,0.000584420706761862,0.636953541244247,0.15120321265589087,0.21219323382649546,0.15860830223561256,0.17288346844238356,0.11085186393731503,-9682.369385473992,-4.966060660494691,0.03702777439555363,-4.903241134537784
1814,-0.08592314797423495,0.6242685597554325,0.2001589209340482,0.15793897984277977,0.19153627422968267,0.15410654341900204,0.029236780107606053,-9681.730223504928,-4.967253109409496,0.04353169827355871,-5.034115985237192
1815,-0.4211540490031038,0.6599580725351151,0.15769571408335037,0.09063645667956,0.15624314921163313,0.1785420858879475,-0.12931254304471113,-9680.480177466718,-5.004966657086141,0.03587511224508648,-5.081551645705187
1816,-0.13040686076281469,0.6397861132616673,0.19410220563484848,0.1384459301009504,0.1649084291408373,0.1718294928411121,-0.10608727567601359,-9681.086547791501,-5.033706149509972,0.036974823060794,-5.0679879863964326
1817,0.0006065123414316211,0.6299388934368946,0.1751546902857936,0.19529459968366253,0.16465189149083065,0.17004957360534023,0.10088593092734116,-9682.058003586973,-5.056343551644063,0.03792305176219564,-5.0014559510983565
1818,-0.19553129023302424,0.6760390087722825,0.16128600248944214,0.12225866772322996,0.1676409136856732,0.16948398266788853,-0.0551364392640533,-9678.985949154343,-5.022657600262536,0.03685875383513772,-5.260543719751412
1819,-0.16700992356661054,0.627549235114911,0.18220670767084984,0.15547883585771816,0.16886497122580296,0.1669990842383527,-0.1218769309102457,-9679.110530169288,-5.126503766342752,0.03848087368658967,-5.146717661232478
1820,-0.03118057540530977,0.5686945364416809,0.17346375536106018,0.25187789649936665,0.15647593884927458,0.16632943026493893,-0.23098208722395377,-9679.441428247768,-5.128901850327807,0.03857478623923467,-5.089549789553782
1821,-1.1609685435751178,0.694864963516914,0.08476391474803055,-0.019669456468703016,0.15115306541580498,0.17614532429660235,0.0824212004284822,-9676.96777710101,-5.106334611983639,0.03435249110122285,-5.133347107985753
1822,-0.026958188228184715,0.5961665831590923,0.16282698337238677,0.23593724067633026,0.15465982389598876,0.16837524405438964,-0.21739989666802018,-9678.98907539078,-5.125745865515974,0.0377014095810781,-4.844819872814174
1823,-0.17711175957647235,0.8729024186407219,-0.002991229099680047,0.09317576645261993,0.11895424748601469,0.19075165800207383,-0.08111542582243529,-9677.049023590016,-5.005983236314686,0.027230443056701616,-5.347456261340636
1824,0.0010811565813396917,1.113661739441318,-0.28985826681065835,0.17658783128451094,0.039669147436388635,0.21153467673692056,0.14550524375042656,-9677.883195835217,-5.14559241497591,0.02068978566204213,-5.397618108790536
1825,0.002327052742133953,1.0315110797503946,-0.21993125793477764,0.18910515740106631,0.0553360014365672,0.20918497996321284,0.14079505534278658,-9678.23281175049,-5.224884805526272,0.021760768938217177,-4.791136494826116
1826,0.0007334954922587887,0.8441419499970448,-0.06818359571060353,0.22436986462732147,0.09278711765970091,0.20071640601242915,0.1314905491680542,-9679.203866131633,-5.067689032081267,0.025478477123181954,-4.9327670812516295
1827,0.0005729352185084042,0.6706115377813817,0.07366296545352377,0.2560962827942226,0.13247559235192413,0.18459212108048212,0.12397980495194563,-9678.084130258516,-5.0219688912209675,0.03154781165715651,-5.322434183654077
1828,0.0006191758388713137,0.5122939898338312,0.21017700586980992,0.2781808384972785,0.17540182342258362,0.15637450991307056,0.11628763988310398,-9677.043746632473,-5.166097097389005,0.04107505209435283,-5.428164545881054
1829,-0.22532313317456085,0.5805691939144545,0.25127698074742544,0.12210152245232467,0.1866788965944879,0.15784746117409243,0.026705850728804714,-9676.111103534633,-5.228853966813254,0.04112751038684724,-4.971892156374719
1830,0.0006572937423574307,0.48907990538889456,0.22714040346253594,0.28448201528483574,0.18054119089741083,0.1512764411244072,0.1156615444755032,-9676.159182044114,-5.091078336435385,0.042410159079125605,-5.056102427844549
1831,-0.2966281961212342,0.5007951551021624,0.2938144195532282,0.14523627444825638,0.20807584552745306,0.1281749227771327,-0.010185622384708765,-9674.09388361072,-5.080102533778816,0.046924328811867935,-5.153616145066995
1832,0.0006310539548068437,0.47950419093484486,0.23448142316218568,0.28670810666268043,0.18683944377914913,0.14376817970760014,0.1142125301523689,-9674.30361314385,-5.128493963975099,0.04413655315315346,-5.46084636692537
1833,-0.22107550688548183,0.3961676233214755,0.3503175798593776,0.21019171303024087,0.253422554015466,0.010739621940375019,-0.031723324219134444,-9674.185323086105,-5.2529360047191656,0.06451841443550918,-5.394079461155015
1834,0.0009078859915872392,0.5352723565037056,0.2594393300424353,0.20617610901282798,0.18842492036190445,0.14855103521183657,0.0830234820813542,-9674.841458454268,-5.2638908409693,0.04282605828859386,-5.078845107377772
1835,-0.06681079138562994,0.5064917370869075,0.24923857188173495,0.231089951124213,0.1814580045691056,0.14979136118660386,-0.16330032388062998,-9674.50530340083,-5.164320891205665,0.042399797092882094,-5.01584318093723
1836,0.0009040571164239848,0.5105190386647598,0.2721015500960544,0.2181998835917794,0.19521481736103916,0.14157891402273998,0.08465121195291436,-9675.299506696709,-5.125942796414922,0.044954602400079466,-5.4563618789046355
1837,0.001371313562567828,0.5103028716843834,0.2764323630985304,0.21433497325902845,0.1953377296940029,0.142298281525178,0.08301353545912032,-9676.153326234944,-5.2823457895268975,0.04493295290581861,-5.350976336132159
1838,-0.030936028121758698,0.4894641033337127,0.24452195078596733,0.2605395985711717,0.18205630774555975,0.14821590390591335,-0.17882083799341866,-9675.890028287335,-5.273895459592913,0.043188565373659685,-5.370938073296321
1839,-0.22720360920029162,0.5823883177814544,0.245610535083463,0.1256479496626996,0.1862467811285544,0.15522076907318527,0.0001968256566769513,-9674.706898814238,-5.263558884766335,0.040579157613028105,-5.1755187517446
1840,-0.12004029303006439,0.5429791022923756,0.23380953632372198,0.19884920050417954,0.17465556191545598,0.1582528640970817,-0.14213783739182734,-9674.952584059825,-5.221189410425448,0.03977092861983856,-4.869156751032365
1841,0.002690868351499456,0.497263424020544,0.25221031989283327,0.2518268686665668,0.18770076542364128,0.1466960721713434,0.10343436848651649,-9676.176757787898,-5.104295124929959,0.04366307065822546,-5.0092626375462475
1842,0.003755398835203844,0.4555776435294967,0.253077932081071,0.2928176655830176,0.1960736502902184,0.13493371282789235,0.11276359898116284,-9675.863190852955,-5.107497754972772,0.04696916982729693,-4.973019039666547
1843,0.0014849617666158005,0.5375171800087026,0.21542662345913213,0.24806773571750473,0.17838365885734547,0.15414594924610434,0.10401870778013442,-9674.940384646674,-5.073744911135347,0.04102649862138219,-5.525814739966281
1844,0.003824473099387422,0.47223696321745934,0.2379115762093018,0.2915516252030209,0.19027681318520878,0.14134889629016997,0.11301162707237146,-9675.966082605724,-5.268704782834235,0.04516788071043592,-5.649814480891179
1845,0.0022129347810454303,0.4470184000723323,0.23646276947334066,0.318085814025323,0.19694161375461638,0.13284105642866145,0.11787268600567838,-9676.866154105048,-5.377955190859819,0.04777055623504008,-5.700340560295218
1846,-0.30610156265523436,0.4115831888181103,0.34868953869603014,0.1775008187244475,0.25408966996972737,0.023986590700912594,0.007901660427719896,-9676.781905311056,-5.416801399506585,0.06469705123212917,-5.360396122880078
1847,0.0037457190252240735,0.42455295065552956,0.2401510071527616,0.3372758192949016,0.1976215771280994,0.12945419246937218,0.1256028125648383,-9676.792384715041,-5.369611012311232,0.048681854343375935,-5.133099531177342
1848,0.0006726636943102209,0.44656606680347893,0.2189714071065734,0.3355686139181883,0.19051008519209203,0.13742531582719744,0.12674847996452424,-9676.647179527472,-5.280195633850601,0.046525467904852874,-5.764162069253822
1849,0.0050493676414683185,0.4177661365966786,0.2588825476078795,0.32559424064019193,0.2006936829127245,0.12702712112436876,0.124701960226539,-9678.031099313495,-5.506265091085539,0.049615932595604796,-5.767793803941005
1850,0.004237357579715818,0.4083948348094079,0.28464876110382886,0.309144656120342,0.21002086629681432,0.11594951281122638,0.11999264563302764,-9678.246813601676,-5.555161320510484,0.05235064607853748,-5.716436569967215
1851,-0.005508104209263889,0.4753154663216149,0.31227057897325106,0.21255919792219746,0.20979498222963613,0.1242128976596894,0.08606622326158847,-9676.343251509892,-5.557981059581593,0.04983027590369149,-5.533170968528658
1852,-0.01575678665495206,0.41018601363727786,0.2757524043011048,0.31234280492592126,0.19880061730161333,0.12343305360616516,-0.21724505583147108,-9675.977331965947,-5.5185533780028635,0.0499770111785926,-5.428707111794499
1853,-0.01408574606792376,0.38502539548320536,0.2707453606513263,0.3428398182821081,0.20566760727427447,0.11153234499607018,-0.22723225434731747,-9676.010959072551,-5.489335540003143,0.052818574506265335,-5.624722706501542
1854,-0.04560864735590853,0.5310952081675488,0.28574925835447285,0.17495135258059996,0.19212784829856477,0.14415094318598987,-0.10788728875765943,-9675.039234816979,-5.543319333701441,0.04399247438038249,-5.76683706341974
1855,-0.026495541384161103,0.5092410773939482,0.2980825321487497,0.18855604523327418,0.19718598627100842,0.13796521745017665,-0.11942947837840436,-9675.575264295636,-5.60963748241911,0.04588856302017751,-5.754718235164428
1856,-0.010267278177529426,0.5234610948209262,0.29125469459533926,0.1845651659656281,0.19431534432454955,0.14157598429583018,-0.11444139598079761,-9675.81621926212,-5.627347759121637,0.04489412034030281,-5.6626432817021
1857,-0.07732949994261529,0.5790016295967837,0.268857230969616,0.13790375642012914,0.1912763974907724,0.14877466424230473,0.01097167177566134,-9675.178780975151,-5.602998322431995,0.04227409865820631,-5.614277889846987
1858,-0.029383540668449757,0.5295709575033278,0.2953428111784981,0.17038495929971442,0.1950072345182839,0.14187230854028748,-0.10085297659861583,-9675.490777010318,-5.603601562020093,0.044740960884235764,-5.592226837314844
1859,-0.06294591183951265,0.5413210139266894,0.29490104630238767,0.15207672112712178,0.19502606914120774,0.14345322487173434,-0.078487027683986,-9675.248984276228,-5.590157681209958,0.04423832331335588,-5.922174458288484
1860,-0.05877640351014716,0.5394674234883899,0.3015194558499537,0.14829638921364424,0.1966769615124082,0.14268332354033886,-0.07275644097466297,-9676.152564421302,-5.715482782863716,0.044676956297778986,-5.674092351431363
1861,-0.17046010418645594,0.5068615117455104,0.3354083045711519,0.12401914305654242,0.21561662948897997,0.12555696046133114,-0.011613154920567338,-9675.866212462248,-5.633611749769707,0.05024303845046838,-5.521389816349094
1862,-0.15329225466961485,0.553795915250737,0.29508244835973485,0.12084465664705914,0.1970093188282077,0.14448783369301466,-0.020466961598461467,-9675.912923472599,-5.570730274514107,0.04405419368771463,-5.715373493324457
1863,-0.005698482584029923,0.5434696137300077,0.3029446538342652,0.15377408778393745,0.20025818481845822,0.1410702026115774,-0.036205658953480324,-9676.653871829254,-5.661286584155228,0.045274848440924866,-5.756605866115282
1864,-0.03358194518245759,0.5230127401151075,0.31283001264930443,0.15850917121261088,0.2023201603656376,0.13784170282011166,-0.05251515503661808,-9676.431787986789,-5.6918863575849885,0.04599654649216244,-5.538031863651936
1865,-0.017291317824506835,0.5253706035867383,0.307539197470629,0.1648836106846917,0.2030758648142576,0.13656362758262613,-0.06229192718571539,-9676.287818090097,-5.6153823315929605,0.04649962681931896,-5.449898098086914
1866,-0.04626745592263118,0.5900457853854528,0.2613839407274996,0.14031299521525104,0.1842000417643178,0.1560241486021156,-0.049794978012314806,-9676.268895956,-5.555245849270689,0.04066186417468274,-5.387201232211431
1867,-0.05536234571027367,0.5278180800721131,0.32236137190117786,0.13975543879073538,0.1978043060760717,0.14671341271268046,-0.036401680686014175,-9676.114029637145,-5.517134820116915,0.04440022308550558,-5.458171884629574
1868,-0.15541604931080066,0.5787262005146141,0.26310637564523476,0.12762324974362405,0.1895654655548542,0.15055941989575183,0.010503640051756434,-9675.323130683348,-5.4942516101518795,0.04166073281791299,-5.273048706660714
1869,-0.018942865000262134,0.5001499264224059,0.31175180217808796,0.18514586044111903,0.20558195835388413,0.1332000199408584,-0.08669647969425953,-9675.990222120066,-5.431868750193296,0.047798719584395445,-5.081138105185084
1870,-0.004293416544972466,0.4696879726234118,0.32280917837050815,0.20759933226731692,0.21904043639121573,0.11180524610746864,-0.09908781989347566,-9676.093141343757,-5.325792212116465,0.05271683215822724,-5.212931343645109
1871,-0.013826690606646206,0.5158754196349248,0.3063122985780379,0.17593570775846928,0.20699665615558388,0.12995788861825058,-0.07361439497876451,-9675.334907788654,-5.333877107190218,0.04797689444474216,-5.644984781381022
1872,-0.12626415564280408,0.4774731940926374,0.3271436569006869,0.171551901922133,0.22004869155700302,0.12125780892044555,0.006169122056641992,-9675.612575407175,-5.483593386449875,0.05159565515373969,-5.655736923505133
1873,-0.07715589900353982,0.4265681656567125,0.33894791865750407,0.21997168052904442,0.24076546718979377,-0.06993845303142393,0.06766450063091971,-9675.999596013431,-5.5179609632416025,0.06046843552539541,-5.575826181627107
1874,-0.05459134218699757,0.5943704378052552,0.23347069941641796,0.1621401167947112,0.18388995134812508,0.15515777098429834,-0.06183453416952994,-9675.754024040061,-5.530804502283295,0.0407668238596591,-5.496325970713037
1875,-0.012952965597865664,0.5761202014947281,0.2363362986183491,0.18611405525692265,0.18547603918879552,0.15229307891688898,-0.08214439715804538,-9675.500490277955,-5.523820870088923,0.04152367119657636,-5.376531921977589
1876,-0.0073654603006487905,0.4593446917659784,0.2968384909617314,0.24352518811051682,0.21923527243018526,0.10746157120561409,-0.1077178321494956,-9673.282244166143,-5.486367393148976,0.05290095770713965,-5.415368020777772
1877,-0.052461778675244215,0.5446037919649767,0.24311826648340945,0.20272752091678087,0.19226345192728422,0.14257733404965173,-0.09851918670765716,-9672.56096105415,-5.470246107920133,0.04374714489959137,-4.8385748590115245
1878,-0.23179545679765484,0.4318348456294103,0.31162148429856884,0.2102620794705463,0.25470283875962574,0.01750113714488557,0.035606947746819426,-9674.458721301182,-5.1887206671455655,0.06534601397470677,-5.2782392460862315
1879,0.002597172171514254,0.48256916521935606,0.24282550306556722,0.27612782032942224,0.201747820752143,0.13022312108847303,0.0979727212275178,-9674.619879468653,-5.3260175766852695,0.04782238950120436,-5.002322062832567
1880,-0.043881600030286995,0.43193862189008847,0.3276053586361882,0.23225737258742385,0.23679912512825174,0.07707678698378889,0.05949884341322806,-9674.253219456928,-5.204774782486529,0.05843968031046879,-4.990196023605912
1881,0.0006810081963854376,0.41752225595399195,0.24787785155661257,0.3355167019756593,0.20985975105337268,0.11336892951458225,0.11585755962520178,-9674.20836716055,-5.1621329137277705,0.05189165333984531,-4.967595930961316
1882,0.008980346668911388,0.3788723940712291,0.26381279319012607,0.35975374494374185,0.21714451344629404,0.09747701548325427,0.1216848469145142,-9673.268809809768,-5.110630793506194,0.05503075762783422,-5.290838010387341
1883,0.0013025454047987787,0.3866749423384196,0.27526744165834205,0.3388748271686397,0.21804385662424705,0.09731471907868516,0.11740301400588629,-9672.475716335823,-5.225466804317053,0.05487375773811437,-5.084630884306262
1884,0.0009606935976882384,0.4002869584031523,0.26821721153227485,0.33214473711805764,0.21128788457100733,0.10884618529715961,0.11836772004360416,-9672.559926174192,-5.156816870072625,0.05249843429555251,-5.197677426838166
1885,0.016004519927225534,0.33617683283447314,0.24127529762585703,0.42651949581576676,0.2147359275703709,-0.08805331276476391,-0.23149136637433554,-9671.614790053694,-5.190148645617831,0.05646274640188088,-5.169617101283394
1886,0.0010498359814375803,0.3878310284084032,0.2682217762195903,0.34470403234708535,0.21492004892786157,0.10172741621622093,0.11864002043023206,-9671.799101086315,-5.185320373390327,0.053837576482257926,-5.350807572197776
1887,0.007830682526635754,0.4003056582452837,0.27043495848466814,0.3314651781383172,0.21227593347801427,0.10772606419965558,0.11572456545306746,-9671.918358408348,-5.262744300026787,0.05260034421652481,-5.25378307162927
1888,-0.004038650474011901,0.3739560745437699,0.2525999607192219,0.37340609443206685,0.20597990871366215,-0.1086231010123967,-0.21419027262287194,-9671.37962969845,-5.239367050915385,0.052331984880677446,-4.973090774378497
1889,0.00858568455914795,0.39640261864381476,0.279117595012369,0.3267774430117052,0.2146843403138607,0.1047193302876596,0.11366631383047807,-9672.098112064403,-5.135329836790757,0.053280568966273624,-5.0304518980042445
1890,-0.004330649556786309,0.36936821255361757,0.25177036295885613,0.3787013188414027,0.2068325496730839,0.10729009116097628,-0.21396438640340404,-9671.578893000073,-5.12604246748416,0.052646835348329736,-5.027222348574546
1891,0.008408231471761552,0.39852144961001146,0.26523018459633113,0.3386406882333495,0.21344573498694694,0.10562376170627817,0.11372187935500494,-9671.517341278108,-5.114025015369072,0.05284552098846214,-5.153557665235655
1892,0.009060067881763625,0.38875556481117807,0.2672536108056241,0.34642777777793043,0.21427378975770534,0.1024903041617542,0.11757894477275425,-9671.233992095205,-5.146650626746132,0.05348611406432933,-4.57946017509437
1893,0.0015178621847415957,0.3790088436727924,0.2763743541768078,0.34527975410059264,0.21880789312143106,0.09634567217323098,0.11842723861413462,-9673.570432659631,-4.918631513907529,0.055306039288711716,-5.1522268001019675
1894,0.005205989236906413,0.3836394314483563,0.25802312166814695,0.3599483181111086,0.2119222510424458,0.10765824157515838,0.12049271235730741,-9673.898858003999,-5.082383887930682,0.05304848166374821,-5.125656563639292
1895,0.0006746894319954247,0.38003432192549824,0.271205619956019,0.34927289572670617,0.21914813371487096,0.09620990695543596,0.11854962999136859,-9673.808806251736,-5.086095616449199,0.05548462538828846,-4.68681873332636
1896,0.003840722268875633,0.3677605648172325,0.2762886282554898,0.3570460855262688,0.21917177265609464,0.09573027481948286,0.12126561278510639,-9675.063255652773,-4.9158269186722,0.055799629290693854,-5.4948844638987095
1897,0.0026597485020634143,0.38720008359879027,0.27601295325228514,0.33788637594906745,0.21143484193774717,0.11336608022088945,0.11865736188411599,-9677.633055987832,-5.179069197923056,0.05278135756524925,-5.489376548956279
1898,-0.25316830348411,0.4107735437744231,0.35236446627863316,0.18709608026061475,0.23598591347161013,0.08620534679332936,0.0637543737482689,-9677.582217952417,-5.255430628900488,0.05853367091861298,-5.537548343929403
1899,0.00023528211884931566,0.4207962441187942,0.2659279098858818,0.314030645534373,0.20725045500988742,0.12193491022865922,0.11522182389171659,-9678.784169745255,-5.314433598036558,0.051034885266410375,-5.067864784553225
1900,-0.03253596902809497,0.45532463332061135,0.27395262489523786,0.2641461594236777,0.19876189995216548,0.13482898833744356,0.10635974652373797,-9678.213941292177,-5.173331223066566,0.04734789337292198,-5.4100224530261025
1901,0.0015739271451121872,0.3615072079116739,0.298298245700405,0.3414850944431894,0.21940176498678982,-0.09718004003928088,-0.18707735028978623,-9677.888822512059,-5.305670234869753,0.05616603784367118,-5.130549328768263
1902,-0.18104561271229014,0.5015865723483184,0.31200664565823444,0.1500791267989643,0.20381724855015865,0.14675632663979243,-0.015146376821634708,-9676.925769800382,-5.208413106341918,0.04613490027515946,-4.961120386701666
1903,-0.008171701338417842,0.5791842117932795,0.263479679525908,0.15621138244278143,0.18179139907722502,0.16047084168847114,-0.03239367726330117,-9677.46847262555,-5.125078711628455,0.03948197763074372,-5.3599389359629255
1904,0.0013956845041523352,0.4816573944826297,0.33264754131487195,0.18654410242161493,0.21549142728641899,0.1245747868841694,0.004241830792353526,-9677.135907619657,-5.233636199740606,0.04980802955300686,-5.6100683196397085
1905,-0.08231107743229524,0.6633966677547796,0.20938518760608643,0.11112967996738918,0.15523957116434578,0.17818644831408859,0.02716570725481475,-9677.723852960606,-5.3459711849668405,0.032415748192633057,-5.015551449296326
1906,-0.008397388370808438,0.48129208043554206,0.33317435988689037,0.18440095758423503,0.2139333163744659,0.12756635557446983,-0.022689193297066673,-9678.957742938848,-5.164712214042488,0.04939552327295485,-5.097947617704744
1907,0.0021592224027955163,0.4648564638226189,0.35263662267066004,0.1836102025806386,0.21819815803952092,0.12178910624905767,0.0005336248173295245,-9678.958841448606,-5.168371559234098,0.050724472727789696,-5.536471309201253
1908,-0.00036107673883178763,0.45627948159656806,0.3660939696758467,0.17845197723402176,0.2178276619269346,0.12224318699124223,0.0014745234071578375,-9679.538480686666,-5.3366390784237225,0.05052321948919872,-5.339351025531259
1909,-0.002927013031776001,1.0902547994927314,-0.2173113259129359,0.1271619260943807,0.02697522758042356,0.2151442531906353,-0.23641639049127564,-9672.483622049403,-5.30363689472509,0.017510582977916123,-5.5268294330325896
1910,0.0010661712372048249,0.9217251681130624,-0.06978743143679733,0.1492568248174895,0.06685572100259174,0.21054183939926996,0.10955884068123695,-9672.000682629388,-5.360258918372979,0.018551535900088366,-5.339966489007063
1911,-0.05905007089853573,0.9539136050800041,-0.07507986026619747,0.10982401979618586,0.06541466045147687,0.20894350135890355,-0.15485984178426934,-9666.365445510837,-5.336548048272318,0.018479192965247034,-5.228256604824705
1912,-0.03209825833936545,0.9204249218392149,-0.059818414134641805,0.13362049039289825,0.06532663835580613,0.20784180748408362,-0.17580192572731862,-9666.245131230846,-5.302192296551046,0.018951415656318114,-5.410309151976446
1913,-0.005025132365165439,0.5204686934548342,0.3097552266722732,0.1696340379003436,0.1818693810672355,0.15236098088831274,-0.04518182451897526,-9663.883039728888,-5.3409519240324315,0.03848882296117616,-5.1638303749308285
1914,-0.005642721259729529,0.5495601832770016,0.286263355877602,0.16382293185103547,0.17411657309709594,0.15969800454987992,-0.04189089019600442,-9664.229517407046,-5.267887984834507,0.036308003196219796,-5.2579260886785715
1915,-0.013896871180380391,0.8754263466854071,-0.0964769264211212,0.219094236932665,0.0645778673198561,0.20402481455581936,-0.21002644523808536,-9663.52315644381,-5.276375818559299,0.020013050700859906,-5.256447888509382
1916,-0.0020866412117272436,0.6216780912276931,0.22982501751177264,0.1488163655746147,0.14890924013766205,0.1767252455628039,-0.06625496381042675,-9663.027659958734,-5.272804431024351,0.030245125537325692,-5.2841652541401
1917,-0.017789129678229237,0.5424900280396006,0.2844510091066743,0.17023530059353176,0.16352751744642377,0.16512500242805495,-0.08706279167354872,-9661.836064897043,-5.281114211748243,0.034030179510367756,-5.0121176387478545
1918,-0.012889340180821888,0.4009864333680391,0.3205773063627825,0.27665284152658814,0.1933966202560548,0.1301428580839748,-0.14246191211873077,-9661.247408726149,-5.192353097618368,0.04441214761267507,-5.160834055886223
1919,-0.07203854495211415,0.3785940197398794,0.36480267032428393,0.24239936932869172,0.24287408566767144,0.042490133070491945,0.050899318658690615,-9661.19933464971,-5.209224250264796,0.0601741652035391,-5.311656637169762
1920,-0.006208679014333512,0.4918825898779803,0.3182015854868965,0.1893577281372824,0.18248143571560865,0.14900617319534443,-0.07725693848999915,-9661.34830153961,-5.255414787367596,0.03908084422495147,-5.496033097351001
1921,-0.006587802967407927,0.4644413589186379,0.3305708837121143,0.20444357178217365,0.19072930683635186,0.1402059540553473,-0.08306387973412055,-9661.602002771484,-5.329577997611313,0.04172571573148622,-5.059366113315498
1922,-0.08968207206418245,0.5794043959559247,0.2815186480891446,0.12194819749929225,0.16399899008092295,0.16997101497466344,-0.02403461645392542,-9661.367035343277,-5.210116498785536,0.03345018766448741,-5.489361518587791
1923,-0.02665551838855855,0.48024769676180634,0.3346732287041885,0.18043952194081692,0.18313452827420595,0.14933016177527914,-0.07824841708595232,-9662.477686952836,-5.330528222232316,0.039262584385502675,-4.974041817151266
1924,-0.006793262842485232,0.4572163254226882,0.3427041170243913,0.19935703287019746,0.1904534802990242,0.14243645608975267,-0.08240315699851206,-9663.81183479861,-5.1983905725031905,0.04164368484012846,-5.446945250974857
1925,-0.008960597537713246,0.47319726536033957,0.34192012077137574,0.18378119225642697,0.1882906383271204,0.14665317450401813,-0.06315478912331399,-9664.483095598429,-5.316906204811672,0.04056076907056785,-5.722459671769644
1926,0.000871759510200878,0.8591638515355471,0.032764029153306444,0.1089094949236864,0.09144712531507579,0.20350399454741952,0.07388788496667469,-9663.61390303622,-5.42033371491238,0.020195844083459216,-5.211493521774467
1927,0.0007229731169395911,0.8992594053227538,-0.012997624654979414,0.11447456254838091,0.07929580226666852,0.20673979633735073,0.08780955564074744,-9663.448534866982,-5.3492549265612555,0.018926520010281646,-5.29932176169395
1928,-0.006160341379413995,0.537085232941507,0.2928363058885961,0.169610092588657,0.16830662769493862,0.16379041627936186,-0.06026407350258749,-9662.683481032385,-5.319271103833148,0.03470338266724182,-4.730985596343017
1929,-0.013964758575474311,0.52098974437552,0.29402822639739346,0.18276713391021512,0.17246568366330295,0.16140191856890862,-0.0711346235583209,-9665.17831677646,-5.136236543706494,0.03614594180309443,-4.919255864792097
1930,0.0013351307430364582,0.63519048930912,0.19579233904218346,0.16986717647711003,0.14256799463609487,0.1811218408573106,0.06612168961551587,-9664.786357971292,-5.107842074232466,0.02905693494352377,-3.963264373323958
1931,-0.05333950857038315,0.704149322804374,0.1367195276316856,0.14824462882932665,0.12629510259705667,0.18989104867042356,-0.12128850314606335,-9671.984207292977,-4.738925818611468,0.02729342578061428,-4.661402501638858
1932,0.0008197855740294044,0.5050754100064415,0.25097554837095715,0.24424075126662997,0.17772794029107591,0.15651387818288925,0.09217602243081935,-9672.24672350823,-4.820146900800183,0.03960418959680555,-4.60048972198553
1933,0.0008408094746589969,0.5292059849026576,0.22753582914201562,0.24348910399688584,0.1679763475788491,0.16374630055916026,0.09926875128606191,-9672.499525972506,-4.780961198883369,0.03735597746498212,-4.238096818651082
1934,0.0005152365230006006,0.41570830729340524,0.29760378317591457,0.2865420173539234,0.1974993916404949,0.13290665038840954,0.1113555872994826,-9674.47346141172,-4.599677401965455,0.047067064152404935,-4.790643579698097
1935,-0.0026105702143053647,0.41692650310391177,0.2891708820351453,0.29320918054755796,0.19643243580195435,0.13480468393012912,0.1096556386943664,-9674.62266836269,-4.7366183109296305,0.046594735882248564,-4.2477840815882635
1936,0.000742485175091636,0.3760743041838235,0.32336416563692805,0.3002981980910291,0.2036799963421188,0.12412005237953758,0.11844933921686658,-9676.22570678938,-4.570632633541762,0.04979635703269798,-4.918972899928083
1937,0.001518926370679196,0.3451165647436919,0.32431786837081844,0.33055701303589174,0.21386688801187737,0.10911876583020264,0.11784866010356192,-9676.841769008759,-4.759258556427302,0.05348448628317653,-4.9109073033720705
1938,-0.3082292325075662,0.38376277203321874,0.3543952778124301,0.2005774913588415,0.2336960470770241,0.08908025540247852,0.07306525064147401,-9676.260974031125,-4.812556890244912,0.0580175245175754,-4.509597062287306
1939,-0.00011389883303983133,0.3169525589470406,0.33542216206269077,0.34719489643843904,0.22876778138339515,0.07999761300870087,0.11741030194022713,-9677.817196253667,-4.694092090234583,0.05923326152988093,-5.325027694644768
1940,-0.004684877298028556,0.8472905286022995,-0.06241888664970632,0.2142667711974035,0.08668982057351907,0.20709004867891098,0.1235734863991304,-9680.872792032278,-4.9402989916775075,0.02347309100969454,-5.229746753048354
1941,-0.06347762883530048,0.6751923100112522,0.1641895409262173,0.14695021958548815,0.13707249854925996,0.19116444164347846,0.08415927048840033,-9680.589893523173,-5.020183458148946,0.029659273424785186,-5.0915935238865
1942,0.0007491263151024057,0.5243967009777064,0.23876586846436237,0.23709625167116627,0.16451664139503247,0.17021667480462538,0.10704987382515177,-9679.926924535546,-5.010529255811571,0.0371694492260038,-5.038970757709427
1943,0.0009224386867029265,0.29853097027190534,0.34286091245428374,0.35871677461910123,0.24067854144035394,0.04183539546469095,0.11599246294941334,-9678.07437171421,-4.993501471105934,0.06403981501076858,-4.724909762074046
1944,0.000394759857930121,0.29584809624729524,0.3395409060101198,0.3644926787607344,0.24260144827511002,0.03279877959295262,0.11541596276428048,-9678.60399270469,-4.914883241847344,0.06484611259727338,-4.748880946900745
1945,0.002895360042479411,0.30817119540287913,0.32939677613441837,0.3627554485548695,0.23539648103684294,0.06384349825124094,0.11616612001257934,-9678.867722998895,-4.860542218742918,0.061906065869609006,-4.909928897263147
1946,0.002318217159237655,0.4983141839033791,0.25186446385524197,0.25022936896408754,0.17158673412846875,0.1635896200055435,0.10835101914032709,-9678.846340680182,-4.886521050890439,0.03913815105995225,-4.613148255739911
1947,0.0008949379126288889,0.3117794068062797,0.32559214339196585,0.3624456167774324,0.23329064126193,0.06959711844538817,0.11727491619990074,-9678.900336872757,-4.76246400319259,0.06114798705291153,-4.963024268591846
1948,0.00353161340818179,0.37559057001251483,0.3173947019649175,0.30755077874072845,0.20847432052734516,0.12238089480055947,0.11105243570747947,-9679.120267085667,-4.844203095038993,0.05097950918495606,-4.901356498519624
1949,0.005590116124443503,0.37583137307543546,0.31612877399825245,0.308995069079945,0.2089780906499925,0.12116640091029396,0.11271193049400052,-9679.246909221085,-4.843089031340813,0.05131142456023116,-5.009296822779898
1950,-0.0026220594343275712,0.6804650560805823,0.1359234869678169,0.18310679968495372,0.13331763378747308,0.1901835492070443,0.1009133171595957,-9679.474249131317,-4.90064501380912,0.029837223322782526,-4.8520253579389605
1951,-0.20340925516043934,0.6531432786371891,0.2035760571007997,0.10244124220059214,0.15689443815025036,0.18100558801770733,-6.94647600456218e-06,-9677.560404560914,-4.875042211192854,0.032601713605658125,-5.180496238290021
1952,-0.00010601061262643523,0.5884309703066152,0.184775508872974,0.22687744936766274,0.14802674690333778,0.18030386744470284,0.11126661986751703,-9679.294225445035,-4.972978274743678,0.03347843915934206,-5.1520394013765545
1953,-0.01290909109398138,1.0920450823864725,-0.35939605704868505,0.2649474252405924,0.03224557279896118,0.21441276541187887,0.14442659667472935,-9678.372478392303,-5.049613563812548,0.019624910877512912,-4.942491144530316
1954,-0.01314371068612007,1.0730458598933974,-0.3470400898697783,0.2715665294453321,0.034989291770779925,0.21420455729684199,0.1434823356856092,-9678.38173054458,-5.019446338151876,0.019721412859418804,-4.864290780357902
1955,-0.012285812083667755,1.023911879277403,-0.3041511252579906,0.2780345201627331,0.043465636632744525,0.2129047312402584,0.1409778327460686,-9678.174855507606,-4.962232828102047,0.020133534879758302,-4.579922972062802
1956,-0.2447153994231741,0.571601324854282,0.2661602624625039,0.11308087196764804,0.18099694568290192,0.16332820186491104,0.010054794617315274,-9678.262517087718,-4.819538384941005,0.03891790835055165,-4.640421842561318
1957,0.0006510059350116359,0.6000660059205727,0.1623387392648571,0.23771471521800522,0.1426129335831276,0.1826401915679199,0.11653060029052859,-9679.436680968462,-4.784397744051984,0.03264832411730898,-4.824767826783474
1958,0.0005276481502051586,0.48610229044932457,0.24296993647287646,0.2709561888575842,0.1680049624165596,0.1644277386337346,0.11898023800694768,-9679.197115885263,-4.830458487391932,0.03896697734523303,-4.867620996689463
1959,-0.026171452226469813,0.6435548979943428,0.22245480827203223,0.12856180535632217,0.1479057168122767,0.18434254332389954,0.07721321893315408,-9679.095312633646,-4.8391355228647575,0.03180899511398934,-4.412033880668606
1960,0.0013908083061312136,0.4221406924801371,0.30497966746211835,0.2728130992316531,0.19068420263370064,0.1445389210169083,0.11708605378494341,-9680.649468891108,-4.683065244180008,0.04553051602164382,-4.896469999107098
1961,-0.0018285973900527774,0.6880318831849281,0.17507339780606174,0.13638572897369344,0.1427274897333714,0.18819738073711467,0.07462033561657021,-9680.774222809947,-4.795731631402933,0.030972410172027898,-4.945171587597118
1962,-0.21404942203591043,0.6519957380086099,0.21151621787596092,0.09355035868559364,0.158473154754257,0.18111688233064382,-0.006289384008455641,-9679.147797581849,-4.860741014827316,0.03319600543537187,-4.711719267745987
1963,0.0025400343405631285,0.36393909145080716,0.339743650085381,0.2965063969023568,0.2120301665766484,0.1165172900512971,0.11731028532545967,-9680.539864233786,-4.784368401070738,0.0528106205531885,-4.950716854567331
1964,0.0021357072822982158,0.37845744385180197,0.35006648677109387,0.2716841802998241,0.21086335756386337,0.12060046287148897,0.11195279746124986,-9680.799414627922,-4.849863628701812,0.05188771618529527,-5.076680880759637
1965,0.0018728178367795841,0.4248742660377522,0.35816316931446285,0.21727277574043807,0.2056973570369775,0.13292833433136084,0.09306971110868245,-9680.991821604255,-4.932708427325306,0.04871490350336197,-5.178231503556099
1966,0.0006499332308169997,0.40524878737814174,0.37952643727516877,0.21539262710579904,0.21975375678711934,0.11549430235589524,0.0818296766183733,-9681.413104512796,-4.999157743032171,0.05308484336011659,-5.181448013481881
1967,0.00024027244946181814,1.0079521942872884,-0.11407091328634267,0.10637842224692962,0.07030019770799642,0.21268507656279842,0.10378965446112853,-9679.54711736687,-5.05528998607198,0.02058535060814808,-5.301189986968105
1968,-0.000990533895135902,0.8383262423661002,0.017367213928772558,0.14456286444263988,0.0956340259507131,0.2009889879986849,-0.17053711670531618,-9676.296120884374,-5.1172407767465184,0.024148158946298823,-5.4498274697017965
1969,-0.003807929769716969,0.9208013504469736,-0.026689510003443436,0.10538660575039291,0.09467457875988343,0.20240497039474142,0.08669423339150925,-9672.733431948873,-5.213378182507982,0.023172558361963948,-5.413564211824094
1970,0.0031624679376483387,1.0835048530313187,-0.24721368199536423,0.1646989318030863,0.03993780997212153,0.20409668739580128,-0.300366313549728,-9672.123423696363,-5.2619503285158125,0.022483942336317213,-5.5816408909805455
1971,0.002718416227109665,1.0480902278511586,-0.21437957134447738,0.16729752333393655,0.045378415907041114,0.2032452105986604,-0.2983901967333551,-9672.412260278907,-5.346329706706206,0.022852218697090372,-5.60256704689391
1972,-0.0030562412215118726,0.9964454560832405,-0.15181849583671492,0.15525068617059606,0.0663644786505968,0.20498977425009662,0.13446844438408284,-9673.49881322824,-5.397326651656831,0.022240532596897688,-5.433565846263278
1973,-0.0318542767454114,0.9471965006009486,-0.03002373225788462,0.07682530760774178,0.09828697186434279,0.2033144713369326,0.0426251575153952,-9673.226360784352,-5.375977372045577,0.023101899551591004,-5.002251374791472
1974,-0.026375044759345066,0.9248329507086435,-0.0345578726048682,0.10511855881975005,0.0962660547521409,0.19979960284660758,0.09622727649602159,-9674.702536642943,-5.212534903840117,0.02418676019604071,-5.423278104747962
1975,0.00019842222014719474,0.839180387171178,0.05040923670193102,0.11090624052842268,0.10822675232783172,0.19739472533982672,0.0980907528523641,-9675.39541791447,-5.279574018542627,0.02570059120866175,-5.249521290957905
1976,-0.056011367523114294,0.9037833194719305,0.014189702440780449,0.07106620451205774,0.09915528816906409,0.20101056340952073,-0.11013221402460947,-9673.391094034778,-5.252737847957026,0.023958894592341767,-4.817135754999511
1977,-0.02287706174834478,0.8880379191319876,-0.006395512686866988,0.11404668739515415,0.08950091918529704,0.19977529305071134,-0.205870846925027,-9675.449966408709,-5.0892208573630136,0.025036690390642442,-5.268596996682603
1978,-0.013109863539739754,0.892138005710369,-0.00712084465196115,0.11265120407276505,0.0859446970308909,0.2003442445726966,-0.2198915542303516,-9675.90870811965,-5.158784966329718,0.024953198797556708,-5.34141072832476
1979,-0.02507363865187272,0.8579672992203492,0.051356911227395996,0.08599339690704652,0.10189919577470452,0.19896189409000398,-0.15264965144634385,-9675.548630505647,-5.2234501810486975,0.025287349847933394,-5.434595197159408
1980,-0.22027648320063298,0.7878700418002524,0.11714594579194029,0.051303188634091085,0.13368261716837243,0.18959934742515683,-0.016109013464956842,-9673.936643135465,-5.282357425788927,0.028587838017064948,-5.453409015019423
1981,-0.051612152071963374,0.93112025351667,0.0015715276718763168,0.05729421361660797,0.09811197177557421,0.20386334444862492,-0.06867098842105518,-9675.580298544379,-5.332534416096279,0.023308034370673074,-5.728832862669599
1982,-0.05052056022140429,1.0019821575814498,-0.07020298055726226,0.058366243883921184,0.08236730719296687,0.20577240962897664,-0.13107620974955025,-9676.397012571973,-5.462147445319768,0.022855203724392866,-5.556604784980406
1983,0.0025011501250864314,-0.2878422646810411,1.4493535718622748,-0.15986258404292802,1.3170560233532174e-05,0.20699364905281536,0.1815424226010031,-9675.623317886691,-5.501797150881854,0.02146841767698439,-5.55625278606574
1984,0.00819372278430978,1.0674162496622974,-0.08327937061840264,0.017993956816797288,5.1583339745570216e-05,0.1941788991474725,-0.502435349131723,-9671.238144954103,-5.514881185327993,0.026587752194548064,-5.422348444471911
1985,0.004921459594791398,1.189865830145779,-0.2096398158553643,0.021149312952162796,0.0007792147774768653,0.20581620866277128,-0.3950340594397712,-9670.619231515264,-5.479526561013946,0.023011046307023136,-5.473011209759452
1986,0.00820537587120596,1.0612849718370432,-0.07995627715129323,0.02082082899620244,6.839149075506376e-05,0.19244641566701304,-0.5192411534324969,-9670.25299669825,-5.472788326369397,0.027063058626627515,-5.60447983300577
1987,0.0013995893751844995,0.9876740670428823,-0.05311841322771625,0.0662174104430843,-0.09121900906363514,0.20331711424111137,0.040485550733584716,-9671.469994446641,-5.499127109592313,0.022253195086378668,-5.003149862877168
1988,0.001216092955630712,1.0370148449107093,-0.1052510958690908,0.06886628195681738,-0.08043233269629732,0.20647656669224682,0.06237296833373846,-9672.849199438799,-5.324221205009082,0.02136918028000851,-4.984085285970854
1989,0.0013341021620318287,1.007292903929074,-0.07919486327642855,0.07257355303488203,0.08991003508907479,0.2043768205987998,0.0196179958557303,-9673.219203623796,-5.2031876639491275,0.022079339682986532,-5.107560697732984
1990,0.0011903471132703467,0.9790845238747836,-0.05646305118485964,0.07804044968389906,0.09479009613940823,0.20255265344285522,0.03262726948865729,-9672.95443445038,-5.179315077936815,0.022735817892442674,-4.925382696447968
1991,0.01415602058905454,1.0272562913437344,-0.08173531833240198,0.05788169660012907,6.077472096500296e-05,0.16011942342135213,-1.3200956519951839,-9670.334371083827,-5.122942183875826,0.037599771095448355,-4.489671655597658
1992,0.0012964654249598435,0.9917935276169653,-0.06933004172012358,0.0780283165848005,0.09617200377478755,0.20272895753771478,0.02834490502409656,-9675.602892792958,-4.90116320036817,0.023502234707822464,-4.79113915007079
1993,0.001602070837452045,0.9641233720320825,-0.04395451283978273,0.08038697410800398,-0.10213097530795545,0.20068649192016932,0.02172176232494543,-9675.68668213067,-4.894873490125567,0.024258719417153685,-4.583077090081406
1994,0.0018895844677062953,0.9461164279533225,-0.025080834441035715,0.07952138493850422,-0.10643329526833706,0.19933030094474624,0.020160628699981722,-9676.433429429753,-4.8153074425849836,0.024972073988477284,-5.167172808841018
1995,0.0013033600997622236,0.9892073637109197,-0.06773900742437945,0.07895426786643593,0.09858270917853754,0.20140234408635588,0.019740078726544555,-9674.634689288268,-4.978329062727782,0.023958174472329955,-5.076843920865931
1996,0.0014021496282011802,0.9814337309541431,-0.06282861651086963,0.08188153207284771,0.09988666876208588,0.2008998158879323,0.018920641969405124,-9674.513804405,-5.048953853559408,0.024048962782792057,-5.101822824609182
1997,0.0013032323777674723,0.9810888363099867,-0.06406379323608524,0.08345222095221794,0.09994953147687215,0.20084667100816087,0.01995259765136488,-9674.445148971332,-5.095338718456103,0.024048270743040678,-4.5945197005331035
1998,0.0012027860245074334,1.0890496476998692,-0.16413129891594075,0.07531671335870982,-0.05247418456083691,0.20965254349566165,0.14794617072589972,-9677.226102192988,-4.910842782186911,0.02257126819504615,-5.355840198894996
1999,0.0011360259948975855,0.9892657369955282,-0.07188737018904998,0.08306998559660592,0.0962796734800726,0.20395348884753953,0.030603411638390504,-9677.486075278013,-5.1085591987212995,0.02353401891233774,-5.20434794079257
2000,0.01357743544844292,1.2195784838970525,-0.28389385818874036,0.06736449376786763,-0.0029092977623813914,0.18457531202542377,-0.6873276849889263,-9674.435079697105,-5.1297466382715085,0.03166503892946751,-4.825754865179443
2001,0.0014765433305860558,1.057846164064732,-0.15627346549064486,0.09892156502085739,0.07306832988981879,0.20673700672251039,0.1035795015139317,-9676.410349680327,-5.055685419953273,0.02218359436124119,-5.02459683070464
2002,-0.0037648094646132568,1.0462168351896775,-0.15595540761438817,0.10920667629671883,0.07166844946646633,0.20615839568704947,0.11396964061683937,-9676.052079639025,-5.048676326397714,0.022353718408489005,-5.077436681575447
2003,0.003809776087956073,1.0035051601192664,-0.12065862965852756,0.1181936094253939,-0.08045696285746806,0.20389530090748975,0.10795966344685073,-9675.892164275949,-5.06161248009292,0.02296620056814725,-5.292686296998426
2004,0.003842164320135677,0.9874704724309901,-0.1293156019341769,0.14298358545655132,0.07104275388597245,0.2017075346513622,-0.23516628834104564,-9676.048630173776,-5.1383328323735835,0.024004064121163734,-4.832617666593268
2005,0.003728679078528155,0.9619611770127239,-0.10594083274110748,0.14502702278360885,0.0747663368792176,0.20149886215425794,-0.2334971326574682,-9676.737005572597,-5.025041877045103,0.024317545748068804,-5.087952217568162
2006,-0.1397252655967317,0.9387398229000028,-0.03572904667864728,0.06917619777610268,0.09464357493452186,0.2045374170617993,-0.08117481608791871,-9674.025728255006,-5.053159854771389,0.02267469613036329,-4.9867942376125
2007,-0.0011637654118018593,0.9673381236502974,-0.07254611272012813,0.1051170092131442,0.09102336016720329,0.20272454946596463,0.09269330495487242,-9675.609657932959,-5.025138955683926,0.02371967753853036,-4.61128781101722
2008,-0.0007682943724760128,0.9831266349733321,-0.10265662398223029,0.11941344009014423,0.0849673653272481,0.2030526813490644,0.11031813898907922,-9676.218040805903,-4.870698967489383,0.023839253407732103,-4.88407225365174
2009,0.0004545726154564022,0.9552067858178832,-0.06765716682870265,0.11261706477411684,0.09262366832278422,0.2016175261613079,0.09866758287205316,-9675.863422423017,-4.883157500761898,0.02421709732873756,-4.83084964740295
2010,0.001726366764525296,0.9476659374491594,-0.061087007139212224,0.1138282537396545,0.0940700711079632,0.2011918393262439,0.09852090570755642,-9675.884972779812,-4.871316231108504,0.024399988269333893,-4.970024494524937
2011,0.00022226496440697546,0.9648132020830387,-0.08073542487060067,0.115989530662519,0.09073827044940375,0.20111422879822483,0.1032831613499463,-9674.643912206275,-4.9127011277066215,0.024244548488589493,-5.075743707733586
2012,9.33025974302073e-05,0.9522787999017396,-0.06261181245676793,0.11042680835904187,0.09527012423259917,0.20052719853641823,0.09311820018171982,-9674.659441809124,-4.979323163735176,0.024413440065517204,-4.97084704282466
2013,0.0013836951115509752,0.9253130419904181,-0.035239969981340435,0.11029632635657102,0.10147880994269373,0.19884634248907163,0.08661500093055716,-9674.576340696345,-4.9782198970749,0.02498239111286532,-5.413322118253543
2014,0.0007967795035159724,0.9185150518489413,-0.020883302063934885,0.10265312526078818,0.10601738873579775,0.1987010699096245,0.07310869147168284,-9675.665837413047,-5.136360762511786,0.025408416730521938,-5.607415225210857
2015,0.0011702714052062857,0.9116582001897697,-0.012008444104607476,0.1007653303665296,0.11080762379322102,0.19778912792451808,0.06403623712360483,-9677.212875947642,-5.299041659106342,0.026219646756308352,-5.1820204494415965
2016,0.0011645955482782336,0.912880147430261,-0.00785593064080804,0.09535386964217887,0.11238962308136877,0.19819926164538088,0.04209529620325754,-9677.297039254874,-5.229302205205614,0.02606974912097687,-5.182066396424237
2017,0.001167535063266562,0.9569253113244163,-0.05687101745700672,0.10025366956151345,0.10276508465718807,0.1996880785935502,0.06670452588455275,-9675.890262739755,-5.196134367885011,0.025247893052217835,-5.6750185347490385
2018,-0.0003553386958382559,1.193185085430326,-0.3591154619377228,0.16623995611905928,0.0037108854505379374,0.18678770366082387,-0.6540251136601505,-9676.24103303236,-5.387346469830398,0.030886325685431607,-5.179965882900298
2019,0.0018260915716349566,1.0349292979043092,-0.12584209216144404,0.09145075973390526,0.08503536408486778,0.20592815678242715,0.069824190893364,-9676.954164975255,-5.269334015759409,0.02281599333940678,-5.5013090424849596
2020,0.00012081723340184912,1.0470010727831243,-0.15946742472808184,0.11277120027420123,0.07423405798456721,0.20595269193763743,0.11073012639541197,-9676.897298104866,-5.330675446234671,0.022772699213639825,-5.227785221887128
2021,0.00021487190383294425,1.0159587307237288,-0.13492204172423983,0.11933829432279355,0.07948280227071078,0.20441514245395986,0.10812840442625915,-9676.150758152085,-5.27105245914758,0.023063077774120325,-4.648935235486567
2022,0.0005773809819233736,0.9939058018214368,-0.1089611598701515,0.1153808445446578,0.08917318593344892,0.2045516371354496,0.08923523005819371,-9679.109350342213,-5.027890694944237,0.02376642015702263,-5.044183299141199
2023,0.002633684495288801,0.8854395616678783,-0.058321201682509746,0.17381402889970982,0.09224515139788408,0.19648797375217042,-0.21786932387457167,-9677.301787331078,-5.045281833763812,0.02615908868048942,-5.313019786395498
2024,0.002696452753417714,0.9523574871750009,-0.06446730695642713,0.1128307360675428,0.09829776442639247,0.19808703027860022,0.08236258230151791,-9670.688558968204,-5.137484810138271,0.024408890999863694,-5.001837813096695
2025,-0.0008276767497761217,0.9912800664100768,-0.11118681989914725,0.11987254569162398,0.08861754232797375,0.1996626259526679,0.09600536711927626,-9669.786677033351,-5.086110832325794,0.023633808223885056,-5.526690448764836
2026,-0.09254652809288061,1.001791727653335,-0.11329096839349304,0.09327928053598672,0.08691459041532075,0.20087365703635376,-0.11930836591892967,-9669.802561467694,-5.243175421874564,0.023121821754604744,-5.655763783010757
2027,0.003187083956907584,0.9806975662309633,-0.14667381307978475,0.16694206324326435,0.08185273317462305,0.1996036874154128,0.12440778048362042,-9672.275979218502,-5.4063380644191215,0.02423958208926228,-5.4706383373114695
2028,-0.0021229956650671454,0.9478225660821922,-0.09852478973332301,0.1506906780897385,0.09159682289432455,0.19737922613963296,0.11385966050058263,-9671.384999879023,-5.412563310601587,0.024765829583838085,-5.265623927480133
2029,0.0035350363274306287,0.9371657760401652,-0.08998963130716348,0.15386525258091022,0.09313828014288994,0.19695491909783813,0.11379335168816881,-9670.996342529208,-5.336905873625813,0.024917929272067468,-5.205428837055835
2030,-0.000811598212520515,0.9190668521273332,-0.06783039372854681,0.1489139067132495,0.09785986437799951,0.19607788140843713,0.10867842823666565,-9671.02842089316,-5.269970745722642,0.025253506098103007,-5.279265617501579
2031,0.00019902491112415432,0.9506426972021061,-0.12503715476155663,0.17467029025983913,0.08691089263713792,0.19688776930536045,0.12361292850860561,-9669.155047831411,-5.264028144338317,0.02462473542716063,-5.154133916357533
2032,0.004242480683487493,0.9487021576871137,-0.11942201782278547,0.17179828424050553,0.08795428417677435,0.19682156048963853,0.1217035598956315,-9669.203218212999,-5.219720531664185,0.02463635208359121,-5.498496670340228
2033,0.0060912993379524105,0.9832088808860782,-0.17331058421480033,0.19159487439464318,0.07669488952856854,0.19906259555819908,0.13093555135856444,-9669.579829373422,-5.324275536804404,0.023829533924228888,-5.508502250156141
2034,0.001804711484421045,0.9478032386269921,-0.05296149309396644,0.10574886889601673,0.10871087872826823,0.19592850255320443,-0.019178507509011046,-9670.00411108547,-5.388521569562505,0.02522278956508832,-5.199226645395632
2035,-0.001754359789571761,1.0242143704587812,-0.23500052539331168,0.21073795852814545,0.06399972561323741,0.20111878395933874,0.13802185985431245,-9669.088873523513,-5.322311381429423,0.02284039266008831,-4.882549299233384
2036,-3.149913806517279e-05,1.027233346054802,-0.24623740193980942,0.21929557607633363,0.05676821912072509,0.19862401011752362,-0.27957362836872535,-9669.211196390583,-5.162228474996622,0.023968122235433202,-5.096867836422532
2037,-0.005044417068497224,1.0209954458667125,-0.25876692148435404,0.23698792103581462,0.060948789456129845,0.20128341267394406,0.1416931309454174,-9669.246395823175,-5.147611960475668,0.022806139117395482,-4.93653537094187
2038,0.009174088287901346,1.0335254001979615,-0.2052140373288674,0.1738527595760751,0.05022902364029161,0.1983857200524768,-0.33031129458206765,-9669.331924125676,-5.0797941772295605,0.02476933792512384,-5.379684405047728
2039,-0.10965215473327472,0.9993327128104114,-0.265104147381722,0.24393409022004336,0.062209652482480324,0.20120334162783154,0.14228234200423795,-9669.681579555778,-5.203849691546466,0.022991048556500557,-5.12461739141896
2040,0.004163678539165279,1.0009222512988918,-0.2770812495168796,0.2772277512998731,0.05967292486730717,0.20116907898181413,0.1459526741996771,-9669.85451467986,-5.190305343747663,0.02304312078804755,-5.387371990195484
2041,0.0045055957294567305,0.9973319969962029,-0.31135089320906784,0.3153958627965108,0.05621678811872691,0.2006606255546396,-0.2553211612696836,-9669.605853261633,-5.271449906880471,0.023121026041031837,-5.307646458972486
2042,0.004825117899901506,1.015344177001507,-0.3172126090154688,0.3031446105626628,0.05011917643315999,0.1973050117419206,-0.3106051837459773,-9668.746844368392,-5.281992815801111,0.02451766645209701,-5.517920939539117
2043,0.00205351870795649,0.9872481785193362,-0.26852242840314466,0.2819564170826274,0.06293652912559447,0.19914072336162666,0.1478020155756685,-9668.602544887306,-5.36503280878492,0.023642556916725288,-5.560197358683962
2044,0.004498665956993719,0.9980765703059749,-0.28462558551917316,0.28780466353511414,0.06050915877802984,0.19940425135177547,0.148707847036745,-9668.757685416444,-5.4249306966343225,0.023534283699965873,-5.438608317236241
2045,-0.00016783379079128704,0.9814617270977692,-0.26727315490517367,0.2862010910526134,0.0641070139327087,0.19854652892340474,0.1477139014812176,-9668.535282527764,-5.410512128072519,0.02377436421785007,-5.413188605816938
2046,0.0063817032211660905,0.9696847153745889,-0.241621665186927,0.2735402318925324,0.06812920071444639,0.1976245273284487,0.1468076794184735,-9668.193696309083,-5.391434138078363,0.024110115760844878,-5.392774947095679
2047,0.005395955649175608,0.9409409314158041,-0.19126859164699545,0.2517208813820565,0.07714694082003648,0.19605996982008678,0.1429311254684441,-9668.3388658228,-5.37421416677193,0.024785359218112233,-5.269556357168061
2048,0.0017810871698288153,0.898776951966645,-0.09729218966037585,0.1991417041913816,0.09442123318155957,0.1931200176928641,0.1293685147747439,-9668.52040813815,-5.3239137338657505,0.025963988759168954,-5.031860965736879
2049,0.0014884539973780806,0.8961490707989359,-0.006644494957117778,0.11088558786809685,0.12137740603956101,0.18992804301039262,0.017832246038666656,-9668.993191967043,-5.2088745336501825,0.02731389605777517,-4.841803925229965
2050,-0.0034630986154435906,0.9193704159318719,-0.0970811268036363,0.1771221390493184,0.09729195189616818,0.19311602556000607,0.12159361242775613,-9669.437621571162,-5.067796002043684,0.026206801228045785,-4.910591046560119
2051,-0.040368438923121606,0.9829284563050604,-0.14973151289638498,0.15880632339044987,0.08421983756757613,-0.19520187261264038,-0.1998539048685785,-9668.939357553983,-5.0175272053100395,0.02508937914001833,-5.005161677498034
2052,-0.004415783758477147,0.947205017128226,-0.11587287847395264,0.16787070120332548,0.09367655597150484,0.19440383595977956,0.11955081179560112,-9669.548744375285,-5.0415175198231665,0.025705453513639454,-5.006025955778313
2053,-0.0005134101235839169,0.9514995273036793,-0.1158142501505394,0.1643198916149568,0.09298823122525622,0.1947207945890239,0.11821584157624729,-9669.394736685517,-5.056115213887284,0.025495374281920394,-5.312348039063606
2054,0.002816963366777359,0.9600789468839399,-0.14090448114374754,0.18155268717166384,0.08840381777178175,0.1956732047554355,0.12373995244417374,-9669.80135667573,-5.183988997826586,0.025192546229372954,-5.142273214546838
2055,0.002674309025608541,0.9863348539920394,-0.18549518383245128,0.19984671519903652,0.07928337152828102,0.19724039390877757,0.13113010035094064,-9669.530283375429,-5.18988846768218,0.02450178667999273,-4.930524736817221
2056,0.0013657734981853032,0.9989169166939722,-0.20309684709246234,0.2045654144186999,0.07438490787133867,0.19844681530274488,0.13438666953036882,-9669.828943333576,-5.1080130767987875,0.024078497493784462,-5.1379062602657335
2057,0.0028849805330602753,1.0107384796952195,-0.23013117146941148,0.22010296336204827,0.06906560707437578,0.1992548937898296,0.13778589985627177,-9669.591373657202,-5.133316791502162,0.02366669646870189,-5.23850936711865
2058,0.0032457794259698487,1.0212516815788355,-0.26161914563146726,0.24118509434361232,0.06368961651610264,0.20001967612753985,0.14090691495107968,-9669.379295839162,-5.180302610636715,0.023294967788203256,-5.037931321899934
2059,-0.010268173731615208,1.0375867926281512,-0.3233147775581568,0.283745390733639,0.05459522740829635,0.200398958267826,0.14663971725527913,-9668.184869505129,-5.125632888328291,0.022885838323429185,-5.288829344001898
2060,-0.0033929978022459186,1.02890586030374,-0.3256685915817699,0.29624116730587446,0.054772642253210775,0.20023756119915406,0.14704302716220308,-9667.991677668258,-5.1796071528095835,0.02289513971693874,-5.275579806564862
2061,-0.0027513880231866353,1.010447708139135,-0.31181919163189226,0.3010438566603474,0.05778197500466982,0.1996408407814459,0.14700813231720913,-9668.015203134692,-5.209023928770184,0.023147512194722386,-5.259871548588983
2062,-0.008645529438790945,0.9915168480605363,-0.29538162240726373,0.30240430392503626,0.06117802211199,0.1989503848878984,0.14715256354323086,-9668.201446085093,-5.221496020435637,0.023480855672094406,-5.18711121060526
2063,0.012632314202828957,0.9537736072720796,-0.27459688017597084,0.3236328213471499,0.06166880224853208,0.19389601100080245,-0.304385978195821,-9667.550687916548,-5.203445451311303,0.025405762770567476,-4.906422702640675
2064,0.005948211592922016,0.9882694550176236,-0.29134824445745944,0.30434303621319614,0.0615668301548434,0.19851024018109883,0.1491344760273587,-9668.29316449859,-5.0815220269594095,0.02373402597144566,-5.037178919171958
2065,5.748983270105896e-05,1.0105004723724882,-0.3138714715973654,0.30338402805825654,0.05699833650978102,0.19898494726416716,0.15104043186911,-9667.997905268945,-5.0579324390449925,0.023509952222404353,-4.950508489740666
2066,0.0004246480558749191,1.0171492240469369,-0.3212601827883093,0.3041270552039814,0.05565256122372286,0.1990851430845107,0.1519672435734631,-9668.1374218439,-5.016135330428951,0.023510258399971118,-5.0518263470064
2067,0.0010029046580851669,1.0171775096936169,-0.324034269793926,0.30691509204960254,0.055154084279518484,0.19844455573907974,0.15366443778248398,-9667.559797505151,-5.033422003155429,0.023624325030600333,-4.806345078662268
2068,-0.0007061907407169963,1.0119291090027032,-0.3079409726912183,0.2957251236792103,0.057942557522207706,0.19795779919787887,0.15187920268227173,-9667.164971990202,-4.956420929713925,0.023706973967860326,-4.134476428957296
2069,0.0006466915770732306,1.0100504670391635,-0.29370578180170187,0.2834207742617104,0.06111431888020505,0.19905805547824942,0.15380587851966537,-9672.512713156639,-4.654629410780117,0.024614766827791783,-4.364321656967172
2070,-0.0008850302832331534,1.0136294723505985,-0.2941010865187581,0.27982376670402376,0.06163677589996436,0.19843769953451268,0.15613988716840305,-9673.34681334157,-4.5653411699324264,0.025068936718319963,-4.821206554453919
2071,0.0006420157523385924,1.0126721858807843,-0.2908269143837436,0.27793443592563355,0.06177514247035326,0.19930169331668646,0.15407761375576615,-9673.946174969667,-4.708390446215355,0.024825251634861427,-4.75030836221212
2072,0.0002578111139145261,1.025056348009329,-0.3197480075873641,0.2943018498093328,0.057547612429396856,0.1984515230224154,0.1573411644022581,-9672.302004861864,-4.7735248254554925,0.024754190950595847,-4.821432627342178
2073,0.00018509379326686333,1.0186232140699116,-0.30709801516289587,0.288142851582021,0.05975476094147791,0.19819306498785502,0.15599268243128386,-9672.245873624983,-4.840387441924568,0.024809893558121583,-4.596031079821762
2074,-0.004762341360897833,0.9731726933171907,-0.22622821736491805,0.2516968706725292,0.07245502100308583,0.19602545013141848,0.15097359653633202,-9672.187275647408,-4.772521520870134,0.02544158733133558,-4.6927042978318365
2075,0.005528154937007347,0.9342953060499708,-0.154152868538054,0.22070930828050891,0.08531513504217422,0.1939470112057549,0.14474234203725755,-9672.54770865281,-4.75790582160606,0.02643921819950326,-4.491750316349908
2076,0.0009724933562660669,0.8925409612402034,-0.008584756180827314,0.11601650026269925,0.11632152570878931,0.18981615865670298,0.09032170456600383,-9673.141070035432,-4.66751138694523,0.028141904481009103,-4.398205370931093
2077,0.002050710646537517,0.8784628186673888,0.011129353821701896,0.11048679920569139,0.12111995970063258,0.1880789651370981,0.0863079072492317,-9673.066062413223,-4.581452936700001,0.028906492010381184,-4.38852475626502
2078,0.013030447865044889,0.8564960685426002,-0.03921659418089235,0.18502076728044314,0.09581887548341482,0.18653818920282267,-0.2978319301075012,-9673.227549084188,-4.525918329222628,0.02959666442014265,-4.541595005714756
2079,0.0007711921169150327,0.8831666771855236,0.014143898757679983,0.10247555081908061,0.12339212441757727,0.1877741351156578,0.07252621286037705,-9672.977735976718,-4.569170528178124,0.029010905775320544,-4.499053623932917
2080,-0.00010129434635324202,0.9307330653189682,-0.0351096900647578,0.1039835193542241,0.11297327045595565,0.1911891206621409,0.08084543205944268,-9672.638293642582,-4.5674341958434015,0.027678818536693687,-4.709802277196836
2081,-0.0007836398292944773,0.9832323147800236,-0.10039581308514928,0.11672675606187989,0.09540136273480078,0.19535031204250658,0.10788370731975373,-9672.518705305662,-4.647980062071436,0.025955475963474906,-4.678353099481691
2082,0.008752881669232805,0.9981701331595872,-0.14273346160458428,0.1460500204728386,0.08389976076566948,-0.19637451917709808,0.12998650134664252,-9672.365675244328,-4.671361251366802,0.02541688069839845,-4.4604991661747455
2083,-0.001002915577281699,0.9601171772931953,-0.0803462302747614,0.11982055929748862,0.09724477406970262,0.1942753608705728,0.10744015100540355,-9671.449912631866,-4.600579836860124,0.025769497580067042,-4.782669373976569
2084,-0.4029865203767894,0.9302943842587797,-0.039732487081327525,0.030539150357586184,0.10848492505442763,0.19223780365335114,-0.005424631935507702,-9666.938449061408,-4.749544607066651,0.024139788508054292,-5.080117938946438
2085,0.000435536698104881,0.9705949291985954,-0.09627819365879058,0.12557501504833207,0.09743734331334536,0.1943129256466951,0.10332235301268328,-9670.562841310995,-4.835688816821846,0.02576941052389523,-4.971471579940704
2086,0.0013054419905896013,0.9729592610565607,-0.10720858838490491,0.13433918232926337,0.09529268292531583,0.1943920239378639,0.10939178152360529,-9670.568217729446,-4.873926332739706,0.025728717114542526,-4.886004478671358
2087,-0.1855488471437612,0.9923624504794897,-0.11357992830543762,0.08380164997023326,0.10783032018862165,0.1916476350226628,-0.029837484367011075,-9668.148155430068,-4.894518667812508,0.02598783111567024,-4.599296202596285
2088,-0.0015155923629083332,0.9656335010733055,-0.12391191232103352,0.1577267251690742,0.0928324339021782,0.19418218654452674,0.11821534801239411,-9670.118143053909,-4.72354901045442,0.025716677467438526,-4.698489177797709
2089,0.00126548388377558,0.9459603360666332,-0.11225054911750884,0.16629870338037164,0.09525015749812096,0.19320660401593398,0.11953002832045605,-9669.997766357712,-4.689661787744498,0.02600232976528412,-4.345433278153031
2090,0.0017245331725706916,0.9378775164307729,-0.12293726504619532,0.18503467995492334,0.09516994822783978,0.19287162970139543,0.1238659468801716,-9670.299449807273,-4.535948586630989,0.026306838246079843,-4.505464564967661
2091,0.00012954577213274333,0.9177862501173668,-0.10391281444389874,0.18577874100436176,0.09938065744159158,0.19174391995945989,0.12161079928181937,-9670.143527352979,-4.530841380763561,0.026680183148422208,-4.466760919314543
2092,3.4723065130323606e-05,0.9507109351094698,-0.16323377956885043,0.2120489138378906,0.08828923043822767,0.1934466594096797,0.13063155313651276,-9668.420845161712,-4.515663967939179,0.0257436704573986,-4.699030018691507
2093,-0.005727469077707518,0.9563738860703296,-0.18244718675537613,0.22444769226727163,0.08498969191270625,0.19406178758132975,0.13317675045100116,-9668.189845536705,-4.611303093225266,0.025472795953606978,-4.494049292746157
2094,-0.0006552651602310483,0.9561755903159621,-0.17856484581962878,0.2217783886287736,0.08524354518755736,0.19422408550436202,0.13212155633722006,-9668.207086714694,-4.586471565414184,0.0253938630827407,-4.782827232029879
2095,0.0014364915617898935,0.9548490265519004,-0.19151909317267013,0.2365048827346013,0.08366536255942089,0.19443960025551987,0.133898760608398,-9668.233035643918,-4.685483444920583,0.025314227546617895,-4.696778248290693
2096,-0.0007670665948018161,0.9528600165456054,-0.19572297809338637,0.24224062472641644,0.08335788420054041,0.19431760113589275,0.13434942146328788,-9667.863183102412,-4.701558227067279,0.025289963760341306,-5.010582402455318
2097,0.0016715283239571316,0.9555743986041108,-0.20603001844489058,0.25037676406862247,0.08239862760141403,0.19467055574763859,0.1352463334125998,-9668.521834309508,-4.824684714581615,0.025320950547245463,-4.636416316549801
2098,0.0023796970064565047,0.9177886878344277,-0.16181319323641474,0.24410285369571505,0.09091162983738749,0.19262297098682118,0.13185422303308786,-9668.482445963651,-4.733784204294287,0.02602384228677522,-5.0962312028366314
2099,0.0016169126117222899,0.971617373181457,-0.22488033230638033,0.25321975734601704,0.07793036411400808,0.19609960962929746,0.1362606197826004,-9668.695383624623,-4.865741256087992,0.02483737748174692,-4.958244751488902
2100,-0.0013312979500149005,1.0330929489282463,-0.31924277375520416,0.2854104733739282,0.06036112151818579,0.19834086864324826,0.14311380802438128,-9666.963522692124,-4.878466840417611,0.023512575848891906,-4.926044781868836
2101,0.003656788851092262,1.036171072691138,-0.315778356116493,0.2799474046913384,0.06009176891389911,0.19840258881301748,0.14283149858552574,-9666.70994282112,-4.867977049061885,0.02341058991782085,-4.502584694886907
2102,-0.00041276028456115564,1.0468078821233089,-0.3629772263311323,0.3155119447696433,0.05331569840671038,0.19882550826646456,0.14611210568865596,-9666.147527742263,-4.688933405485139,0.023062490770959197,-4.801921370311742
2103,0.001277553861327959,1.03887717729658,-0.34696864843329933,0.30791096617799113,0.05539201611952513,0.19853948934959054,0.14510365329146768,-9665.61795295121,-4.709821246147144,0.023059039960232487,-4.685271325002536
2104,-0.0015341290521255933,1.0280670481838374,-0.34023137639569734,0.3114536343698092,0.05716738886401418,0.19814665814128368,0.14498252032172096,-9665.527587739276,-4.692255353855182,0.023199316006334285,-4.745066555326703
2105,0.0006845794648783282,1.0115857527858028,-0.32454402177911007,0.31274991848839084,0.0604190282557306,0.19748908470590898,0.14444020453723855,-9665.521823055185,-4.719036601499821,0.023426175882579996,-4.802350630028144
2106,0.0028472663002889345,0.9841591891911803,-0.3011369235447865,0.3172618433986324,0.06575774655082661,0.1961700878223922,0.1439074774250282,-9665.63092487168,-4.766352788238458,0.023883456042047807,-4.663364929942527
2107,0.0032538171043493937,1.0131760683411222,-0.31975834490678967,0.30684831875700946,0.06084074316125744,0.19709768154620128,0.14454104088657818,-9665.01930226166,-4.733799532822081,0.023466977999481543,-4.824086781883906
2108,0.00016834940583822843,1.0208854246301529,-0.3208150162172849,0.2995371950476443,0.05987808373916373,0.19709947291105306,0.14477381599595207,-9664.418905786353,-4.774639692371991,0.02337900965770774,-4.747124030163266
2109,0.0003763957189466849,1.0115018514989607,-0.3037512190037964,0.2918118006483393,0.0627164272484586,0.1962860829705007,0.1441354288203898,-9663.811806685839,-4.765510310299094,0.023565944075071427,-4.73805827746554
2110,0.0018893733167024166,1.0098766767982863,-0.3036049370454902,0.2935774827440988,0.06284745992566612,0.19627459757602278,0.14410476827107638,-9663.7840917658,-4.7544842048108045,0.023570465091890723,-5.061079463369013
2111,-0.00020913626719286694,1.017578167090456,-0.31640378212907283,0.29833773587751905,0.06068285419628865,0.1969462109709842,0.14499990472575142,-9664.528459771698,-4.869167200132223,0.023489535820084003,-4.708198738116969
2112,-2.2465679810570273e-05,1.018915056322777,-0.31760113319374494,0.2982103058856673,0.06036032182647968,0.19716938378219223,0.1446608052178004,-9664.57803270177,-4.80232583757654,0.02341696520617675,-4.3948319567511165
2113,0.0020905082553410023,1.0085626285181024,-0.30365501348931045,0.2949667064970083,0.06341012323530615,0.19712384662518312,0.14371876828772462,-9665.706494847158,-4.642074590731123,0.023706972716169127,-4.127799271191154
2114,0.0031753219113283175,0.9978653910624002,-0.2932925348537394,0.2953421468757996,0.06699058636852223,0.19651489931301303,0.1446110239586206,-9667.409135916021,-4.446752175314922,0.02437791816006166,-4.699307855188033
