iteration,b0,b1,b2,b3,q,r,loglik,predicted,var,actual
0,0.01874326686955928,0.6312733723911884,0.30991920326978495,0.011278075657524993,0.4243535345205329,0.2108212699791887,-10002.703219121531,-0.45031625523607605,0.19614591408969834,-0.8764780233116625
1,0.017895753376184105,0.6362657107404597,0.3057139015083332,0.011569148002747259,0.421307915426945,0.21548448137170595,-10003.082139625096,-0.6024567593523686,0.19437133573026089,-0.6913890649513041
2,0.018506852117499792,0.6381575849886048,0.3033793986029322,0.012112744830916549,0.4192528615949606,0.21730486672453814,-10002.742700154477,-0.5971540712492118,0.19294231522839236,-0.5841603180530447
3,0.018515439661633548,0.6567410646481127,0.2855547635087272,0.012223681866362456,0.4088814520569436,0.23076558029499414,-10002.908409315085,-0.5761967759145559,0.18693783803838668,-0.317655632933634
4,0.01960249437695024,0.6635632185950062,0.2804046935783996,0.010153667664141112,0.4036307686513641,0.23630100287872496,-10002.569840645956,-0.4176636432406288,0.18374164999810616,-0.5470357502199757
5,0.019726291059663517,0.6539763694886904,0.29170766355216027,0.007778430231023471,0.4072793096495324,0.23163466813426872,-10002.22189185466,-0.49785017580661195,0.18563708282676952,-0.5346979846048283
6,0.02119684369787951,0.6249655705704975,0.3184094727396266,0.007777713928527336,0.42285733845440476,0.20953856423836315,-10001.7609009904,-0.4829387858477315,0.19447034110665767,-0.7676911889944399
7,0.018121448685819032,0.6264951950989227,0.312587622953132,0.01231103450093943,0.43503165077917544,0.18460737843260264,-9998.181154615577,-0.6020757426321731,0.20186979784002007,-0.23816616661718581
8,0.020495919038896256,0.6624609447595801,0.28022120974499165,0.01022583860524099,0.40682933866110865,0.2189278350146949,-9994.251936079518,-0.34066929539043456,0.18380133434951443,-1.0013642577107764
9,0.018910973720900837,0.6844177865234706,0.2598569555109945,0.011139559661911144,0.39334264430949095,0.23629834378307712,-9995.109690739764,-0.7057600532515496,0.1764068169110294,-0.6086329937893675
10,0.02009893201215342,0.6832246170378562,0.25919370829074784,0.012406142334549605,0.39234069947092465,0.23612399080912194,-9994.673309366906,-0.5774632920610365,0.17549277234789631,-0.9507975011398189
11,0.018594813664214522,0.6767870057280589,0.2647416355034755,0.013814093193237884,0.39898380812738676,0.22893059211077976,-9994.636123615936,-0.7476358481733653,0.17946395296983603,0.08077608145846166
12,0.020781900511156505,0.6896855068464951,0.25013011550782227,0.014502429659911446,0.39170543432068694,0.23955930678574805,-9996.26289195982,-0.23428241811329517,0.1758101676110469,0.22540661185991026
13,0.02221365896518402,0.7002661645874946,0.2370103126403062,0.016620822816331853,0.3872873329526859,0.2442590441076647,-9996.624495544087,-0.04258520437816033,0.17354410690168864,-0.25333980754888635
14,0.02212153337076399,0.7039238398715633,0.23089913922157945,0.019740183068623553,0.3836639994684684,0.24759470936943204,-9996.511167414252,-0.2065511729371711,0.17136624277108595,-0.6257652451340099
15,0.021318056779192636,0.6880993734941363,0.24384354197545885,0.022525746569691578,0.39359433846246805,0.23737862118757935,-9996.762523202737,-0.4138824117517856,0.17682957425051715,-0.05391905974673643
16,0.02197269153672282,0.6960859366813075,0.2346892356533112,0.023529643434173318,0.3899151326842314,0.24233758766103863,-9997.271595229888,-0.1330394472744715,0.17504350141487068,0.3653249331794287
17,0.024039251269478024,0.6985965304745305,0.23004633366624982,0.02448782161628528,0.38815607159040355,0.24372306870426724,-9997.487932638905,0.1389574292422211,0.17396396487032934,0.020627145131045705
18,0.02329369585825404,0.7075428096547725,0.2191249494153018,0.0274739707677674,0.3838034846237386,0.248792498720056,-9997.569386285066,0.01625174975801794,0.17177724393371294,-0.11393422845125152
19,0.023203366570720113,0.7133752719424362,0.21045404887707497,0.03097385159417004,0.3795614568079634,0.25241004659461036,-9997.253071038112,-0.06355458837401348,0.1693114391035384,-0.24974223953186125
20,0.022464412395952163,0.6942943415685578,0.2273248325083189,0.03298140047031527,0.3905661729198616,0.24074784062266624,-9996.572837845228,-0.13396452856465424,0.17512562456047626,-0.30542843443129164
21,0.022818300532855516,0.6885941845343031,0.23043112382634168,0.0357226540592284,0.3906366869074632,0.23842954088202545,-9995.536941924685,-0.1815557663972982,0.1745009099281054,-0.3260560158957456
22,0.022019153633682603,0.6549215579094807,0.2630156845565593,0.035879304167966586,0.4081585312446218,0.21631697498924352,-9993.633128235368,-0.22798911530792068,0.18399201062471207,-0.5050929420304483
23,0.021524820713214973,0.642932925276284,0.2725763280776279,0.03841800961326845,0.4139645531283712,0.2080263204782116,-9993.299732475778,-0.35170499426543006,0.1872081459940815,-1.297585423468687
24,0.018127355569361264,0.606510691227836,0.3023513443892182,0.04533572466153192,0.44202307045123806,0.16343259081644648,-9993.459781130043,-0.8275795591368539,0.2048857807883724,-1.4368352859768119
25,0.017168608246579366,0.635605506119758,0.2736414849232489,0.047643905705461044,0.4280748325756577,0.1858236615154896,-9993.202757917003,-1.020516797666729,0.1960803752772529,-0.6235207479485683
26,0.017830536353779992,0.6073221669866673,0.29805843169406876,0.04957550854983033,0.4430625358137822,0.15899975384696413,-9992.532238835247,-0.6600211259826042,0.2053461028655357,-1.0126781844785133
27,0.0167607307910512,0.6128559120575058,0.29445423186479514,0.04908992295985792,0.4384340285022972,0.16775264875303014,-9992.490991813016,-0.8731551546552722,0.2023333923521465,-1.2608140037778066
28,0.01514463061678972,0.5872470456457528,0.31842280982134546,0.05052290102838984,0.4549917650842886,0.13143653167407426,-9991.83179878078,-1.0674883221056832,0.21305148888835027,-0.5682405716844631
29,0.016762449831581573,0.6017409624385077,0.3023668089678019,0.05171956059295599,0.44532219687555885,0.15421320072314962,-9992.23961239364,-0.6929423685289693,0.20673603221046696,-1.1582444688052445
30,0.014763910621806734,0.5709047824175686,0.3326420076725075,0.051974784778129626,0.4638659868687718,-0.10543975180618953,-9991.336312915695,-0.9457767745079322,0.21896369481150063,-0.5921832063421094
31,0.016147978960805397,0.5725545260455404,0.33067308130076284,0.05146039832244402,0.46165283112980915,0.1126210540893913,-9991.492716218068,-0.6814605420124307,0.21744520124084335,-0.0029953325328140067
32,0.019354100396242586,0.5638162145979536,0.3347254298123843,0.053569352857657904,0.4684768195212462,0.09037411768213724,-9992.168291989186,-0.315279518985947,0.2222231910213928,-0.271940361880729
33,0.017500136982007974,0.5925470621253799,0.3068217379603565,0.054731126820644585,0.45366920700464264,0.13426060957988503,-9991.572173456054,-0.35051817962397086,0.2121647419645573,0.03801273191456396
34,0.019667541537055466,0.5820819443748021,0.31926597965648773,0.05101090975335486,0.4570001201488031,0.12377539639023655,-9991.165259350611,-0.15706229928556,0.21415058781342503,0.5796334173270794
35,0.020977354578388074,0.6716137901305794,0.23480559597939105,0.04968071900138557,0.40756927723746383,0.21171369908793242,-9990.377955861277,0.23822008727349814,0.183493333718915,0.46765057235251845
36,0.0215327223184393,0.6699168469812886,0.23772395010132732,0.048314148539953694,0.4064723899675059,0.21226670216148924,-9989.76150765415,0.288330988171612,0.18259970812512827,0.21096928069922433
37,0.022364203239309266,0.6347264186495427,0.2730765212715487,0.0466569762963069,0.42008408104138895,0.18992410867041987,-9988.213605010145,0.18793922947195676,0.1897116975893716,-0.5100269394658928
38,0.018841756824442217,0.6003129360500691,0.30682415764998217,0.046960451881386235,0.4364205978278717,0.15387781515608223,-9982.86642480037,-0.18038489058517426,0.19880787462168023,0.9046726667649791
39,0.02205883892098983,0.5923007585323243,0.3199438441663306,0.03916418294299502,0.43933583692456124,0.15370483210763108,-9985.45709844535,0.5311332655888497,0.20119980607884408,1.1007529548065598
40,0.02381145654498283,0.5730917702971696,0.33848244294582486,0.03711236195225628,0.45461167176304984,-0.117351955539644,-9985.900833698888,0.70743865495955,0.21136839079483036,0.38420885961642914
41,0.023098743673164952,0.5761648739965345,0.3336774891705673,0.039830261326475935,0.4516470685315524,0.1260594708059537,-9986.006789432715,0.3775698671240846,0.20940432835168102,0.21280254372482255
42,0.02307379880867732,0.5910031585055802,0.3193908367208276,0.04058006694652917,0.4432011416313604,0.14450108320799232,-9985.540663735383,0.28871439983569575,0.20370173963531105,-0.27671781750958374
43,0.020326669473198427,0.5988702800159726,0.31187147864040815,0.04135123623416498,0.43827593421245525,0.15399846888274693,-9984.705702530659,0.05991700346975104,0.20043119024369926,-0.1300798748281066
44,0.018140256060316218,0.6278610162439393,0.2838737100761084,0.04266536129989719,0.4226992072035993,0.18136283038374656,-9984.32696604332,0.03214163163827709,0.19070372885470016,-1.3435186475521979
45,0.014906259261833827,0.6408197252741856,0.267834396687906,0.04911328634098805,0.41923561493210326,0.19252514214551075,-9987.47502420318,-0.7112975556150029,0.1895308823438569,-0.7675751023536335
46,0.015095139358925785,0.6445695971805593,0.2644570636231465,0.04910618545689244,0.41691796926533764,0.19571122756587667,-9987.238100109043,-0.5773896942381045,0.18811233739021768,-0.4348568000234171
47,0.016275038971410936,0.6479973390254028,0.2602859032746848,0.049692308714442454,0.4152281950368267,0.1971641972689917,-9986.779134930184,-0.43855921445922247,0.18699716717901677,-0.2575653158633545
48,0.016327428973387452,0.6399099248339162,0.268657260369623,0.048623278829980424,0.4190248925956799,0.1912197672026226,-9986.457213339389,-0.34234899349243847,0.18915689284938092,-0.5550917717460968
49,0.015658140984628123,0.6289081525444745,0.28020630368962735,0.047754196489732434,0.42471668443320953,0.18197086770713242,-9986.341319868412,-0.5019191859757962,0.19251613190456257,-0.6052078607424642
50,0.015368292336892865,0.6230505479391338,0.2858771186748243,0.04772108259868788,0.42815791546151505,0.17608070128820444,-9986.320723140603,-0.5009903617842228,0.19460522548499481,-0.8350914832520051
51,0.014925829597154142,0.6223333238632853,0.28734923303155974,0.04745846982515285,0.42921020154023015,0.1743768212617739,-9986.46856281224,-0.6169650200648141,0.19530079563717165,-0.7855749459150103
52,0.01300922311990363,0.6455997364575223,0.2660610494906538,0.04684640154901563,0.41784193247540236,0.19097178399571801,-9985.569978069685,-0.6296148886064954,0.1883418110437308,-0.35171916412612053
53,0.014520014389477054,0.6304340485789324,0.2795101309289154,0.047773504463244486,0.4239543720352594,0.1804192924193304,-9984.87995162596,-0.42097403105126646,0.19173198298279592,-1.0994936219281968
54,0.01369553849759175,0.6212054551882706,0.29080338913910764,0.0465007547847809,0.4283113563229636,0.17389181721401784,-9985.353512468113,-0.8054384876765173,0.19445049414730067,-1.12502644819541
55,0.01251790616833005,0.6157289712440839,0.29594888185227497,0.046968128902765194,0.4337586993893322,0.16377291638156455,-9985.441697758533,-0.8854174237523403,0.19789684049218795,-0.912960475837677
56,0.014172360457253806,0.6094770552122675,0.3019858719055014,0.0469222075000818,0.4353465849779228,0.15615578268241387,-9983.43321377042,-0.7967490408177984,0.19832328968118362,-1.550989647753964
57,0.01174823306922232,0.6182555031178811,0.2981435134776484,0.04383861252039607,0.4324349238126822,0.1644442065641053,-9984.711382217894,-1.1641647728851436,0.19690412833920637,-0.38716390149778146
58,0.014397964788132041,0.6189133255870831,0.2943427665088627,0.045422072999974875,0.4294276805632721,0.17226416078638718,-9985.884622319983,-0.62784657394701,0.19517149064498532,-0.5088310475895605
59,0.015178580904438917,0.6250906409962637,0.28813879308620743,0.04537116119028915,0.42547053559940395,0.17876346667013812,-9985.866810329177,-0.6090398830978837,0.1926910850936606,-1.0317959930046692
60,0.015111086268469597,0.6117836252862605,0.30042225626410873,0.046270256000583404,0.43273592333419647,0.1655421603158504,-9986.083401487345,-0.8562068974073105,0.19710112975733926,-0.83636364011465
61,0.014619296886555572,0.6065638518576202,0.30499235639387634,0.046822392020935216,0.4365632856009849,0.1586019893097833,-9986.050243212201,-0.7767635470577952,0.19957539261300195,-0.3244199986994675
62,0.015390695957087062,0.6463446342696899,0.2680712535559957,0.04522822747763654,0.4134479326863778,0.19789698106870007,-9986.236430042534,-0.4608328723131866,0.18558097834171305,0.13490884599988034
63,0.017458004852470878,0.6292284460721667,0.28541705706498444,0.042871982399094295,0.42124895135235546,0.18514851311155078,-9985.982310675365,-0.17033607165441966,0.1899822807333755,-0.7504667904501027
64,0.016392179973372945,0.5776507225047034,0.3355905610854796,0.04346103265197508,0.44406025117679526,0.1395133248331843,-9984.999713794521,-0.5944818666827164,0.20377837380257827,-0.557414934341405
65,0.013362358812625569,0.5999846776987272,0.3156003573335625,0.042569597022002185,0.43207775413783517,0.15555223807239152,-9979.42578934247,-0.4973831305660825,0.19521981965895524,-0.4891746844095884
66,0.013670423693705103,0.5934595794795305,0.3223380429048347,0.042081139259431355,0.4343621309855412,0.15018951055202007,-9979.124662027629,-0.4347690440413826,0.19653694230757887,-1.3554264355717904
67,0.011077226090502327,0.6314848010759122,0.28926321958866946,0.041758934838112535,0.41191053629847196,0.19231673146336592,-9980.246588329699,-0.912203951487795,0.18311878624848082,-0.8795445104441232
68,0.011784922799295938,0.6561902354747917,0.2677468752862588,0.03961366014953489,0.39703750901337964,0.21199224738952593,-9979.649309042452,-0.7965170373785639,0.17441647729266224,-1.710398931197587
69,0.008965023447094548,0.6584000700620887,0.26572180981974913,0.04203910292140919,0.39842866193551385,0.2127632113472278,-9981.450701524971,-1.2485501180473921,0.1757387676692006,-1.5296477520325573
70,0.008438121742309644,0.6489461671913299,0.27423264885471865,0.04323566241605041,0.4048712853115086,0.2042223703376792,-9981.715244610357,-1.2800635394506845,0.1794636560182542,-1.1462924309898082
71,0.009291623110772598,0.6356600107304451,0.2871024744717796,0.042514591176022354,0.4108432442740676,0.19548621685440187,-9981.773770682172,-1.1398686285564459,0.18278243625811968,-0.9430454383694994
72,0.009991010140408173,0.6979908488361444,0.2296210430291884,0.03987482811729835,0.3752142573214732,0.23924348830306472,-9981.233432411642,-1.0065429621015862,0.16307118729314107,-1.242408370854179
73,0.008571668164945943,0.8409859807834729,0.08858266296285702,0.045293475995994065,0.3017020369170408,0.29720797425691514,-9979.184012921327,-1.1000698027914315,0.12943457150965848,-1.561899226274794
74,0.008128632332535086,0.7838186876480091,0.1417663680701577,0.048581213776424825,0.3275236896315495,0.27859988731536867,-9978.835959549513,-1.3045298795766864,0.13952605393112047,-1.3852300477024053
75,0.0070666554754915244,0.7248613537036972,0.20116307698850566,0.047171215964443056,0.35281598406790904,0.2562299581474634,-9976.472173138121,-1.2700725287983567,0.15025580610313,-1.7100501523502545
76,0.005094930200267703,0.7099033945792494,0.21716368162584565,0.04744204527888603,0.3589263698280688,0.25073406892808986,-9976.053843655129,-1.4434301704622075,0.15308921625115443,-2.6780339112910543
77,0.000774450745572882,0.6971171301465262,0.2332317919646445,0.04789112574351537,0.36842967127126747,0.24476673391118753,-9978.946157782593,-2.0261797636109575,0.15868808670657508,-2.037924329039711
78,-0.00016847478639503356,0.6283651489005111,0.29793658693488556,0.04996457863265083,0.4034697160779261,0.2007805298715351,-9977.221145564865,-1.8587406107533249,0.177145875700979,-2.2456654059804118
79,-0.0007112780602144364,0.6614365277249061,0.26884027240788755,0.04842665448957892,0.38678272530946933,0.22167128284308854,-9977.02333815728,-1.9935925283011777,0.16784014843578218,-1.677210992454955
80,-0.001325165738209794,0.6058464898023004,0.32095345699678424,0.04925915954843982,0.4128378157471917,0.1829332754723747,-9974.902721181357,-1.7727852427170379,0.18202467266793876,-1.5267182893593496
81,-0.001042646081346986,0.5938169755685714,0.3297123472037887,0.051234611269076885,0.41958779905383503,0.17108917067330665,-9974.742683797433,-1.6753032504169847,0.1860371877234502,-1.373627533189169
82,-0.0002932633421370088,0.6188236620548797,0.3052213365570734,0.050525774811346943,0.40622809834687235,0.19317907845976057,-9974.924313112218,-1.505532203721481,0.1781359145893264,-1.4757087218728795
83,-4.9336975854667345e-06,0.6124015123133708,0.3120505388781387,0.04974153246491754,0.409282036936346,0.18803250636639746,-9974.705608924296,-1.4969718850258729,0.17984258464965427,-1.6689666302852104
84,-0.000864142741063253,0.6021071149353147,0.3235367192470708,0.04876228196307215,0.4135400833025875,0.17988071558373653,-9974.262065064411,-1.5516185773142817,0.18215308452732693,-1.2793337698660574
85,0.0008578989551170514,0.5969865853037266,0.32717582785640253,0.049037256869954006,0.41596478516593877,0.17533499271186587,-9973.630551247144,-1.3501996085767574,0.1835313562055127,-1.3937269827445145
86,0.0006815959786193912,0.6855785882349492,0.2426640392509731,0.048792855897561715,0.3722429582175449,0.23196117504766464,-9972.407445203853,-1.3755445033771363,0.15909606738205337,-1.3913070516871646
87,0.0004473635446937575,0.6263509753364093,0.30789900020229904,0.0402089303483175,0.39273950486487585,0.2038370077600219,-9969.171931519419,-1.3778894812394022,0.1688659261964383,-1.2062404534999622
88,-0.00044892676096318384,0.5317045242443981,0.3938389357815977,0.04404145762481618,0.4421832922804747,0.09674238859374296,-9966.47422806118,-1.2780203242515829,0.19844461164158209,-1.1812949126062786
89,-0.0004752763380667697,0.5345592460142188,0.39065792243947484,0.044012762858108595,0.4402439486224959,0.10283055478799664,-9966.573233705914,-1.219560130805331,0.19712268682436684,-1.4858530378200148
90,-0.0016906347855399242,0.6230601167073097,0.3114971928102568,0.03956812196834867,0.3896558938461835,0.20403090092041926,-9966.856748646083,-1.3647123848989524,0.16633084488394123,-1.288756101693122
91,-0.0027127148724572763,0.7635591628800268,0.1751833873917103,0.04065582713926917,0.31933320433313983,0.273750740180839,-9965.84968466929,-1.3010545293138305,0.13181232989523248,-1.460892940986513
92,-0.0028697019931298302,0.7007441682239448,0.23723167876348034,0.04034527927444574,0.34552023308431445,0.25107717452827594,-9964.75851014683,-1.3663894021286163,0.14293771127844024,-0.7170319051297439
93,0.0009708534841714714,0.5008102081650063,0.42035722179882407,0.04754686277854985,0.45261518371165343,1.4192984546463853e-06,-9962.56371037785,-1.0023215902202192,0.20486050452692828,0.5175482871417706
94,0.0066285286867172975,0.5070692665554443,0.416774910997903,0.0386458588368333,0.45736816751854337,-3.671891517699123e-07,-9967.765357318442,-0.3084206890264647,0.20918564065931086,0.17902407858353686
95,0.008509263495383343,0.5136942579819007,0.4114724555253314,0.03562954575968985,0.45793805101237317,-3.45943059279083e-07,-9968.2935069934,-0.26007121840028746,0.20970725856504754,-0.3400342837852663
96,0.00963274715122031,0.5149388177312135,0.41213148664777477,0.034230666661789574,0.45669419493245544,-2.8011719339232415e-07,-9967.15097157106,-0.3724698311477937,0.20856958768502776,-0.23990887728356433
97,0.00827325414050848,0.5640506759334446,0.3702927657104067,0.029030416596220902,0.42702023551417656,0.13908399197426885,-9966.402767049663,-0.22472193795611095,0.18871570475407853,-0.006336104783872591
98,0.00816311141765114,0.5884789442339096,0.35101333277782415,0.024601551803773353,0.4114915401367475,0.1684678286924344,-9965.916885886274,-0.05859795444071185,0.17895326254836588,0.5379744836511035
99,0.012362000644770242,0.523995146391808,0.41268909668809883,0.022251910460887057,0.44956221114061623,0.057807030397366094,-9964.254772556851,0.21751943481764507,0.20315488358609954,0.395638865662378
100,0.012443758287797767,0.6172076300927966,0.33249759974077586,0.013591399372411977,0.3958843325201893,0.19045085217564428,-9963.76202818797,0.21825132616746556,0.16956361340210724,-0.4107247648842043
101,0.0108807952193203,0.5191067587994819,0.41259141131576227,0.027937356974750745,0.45332667514060254,3.60592466846802e-07,-9963.061854724552,-0.16227497958076645,0.20550507439407398,-0.6797986874315545
102,0.009528289087267654,0.5216240231712383,0.4061204605903027,0.033247966005604083,0.45385911337975915,-1.8687321154767576e-07,-9963.66710685098,-0.3265243052570516,0.205988094797872,-0.36611374964319965
103,0.007969306488713206,0.5770642559486654,0.35741659362392664,0.029488427019155952,0.42119547280151015,0.14520613949563005,-9963.320818483282,-0.246794554306802,0.18453028582794992,0.194105384806358
104,0.010730348913406055,0.5212062874321627,0.40928329807768626,0.029680399340710185,0.45295009156283417,-8.592930064226036e-07,-9962.664966081291,-0.02093249506978387,0.2051637854470114,1.010481435844624
105,0.014507998124238808,0.5334076643644665,0.4025204724401972,0.02246700341010202,0.44949942571656143,0.05975173749836024,-9964.64248904129,0.40394105709505884,0.20319695117562922,-0.22293527800460128
106,0.01248327610276348,0.5194954413856634,0.4126743626248288,0.026933830757352034,0.45552124371830405,3.382733881922815e-07,-9965.477857803382,-0.10402573507182565,0.2074996034787063,0.5585688423648317
107,0.014529131353629796,0.5458511920539597,0.39385449495937014,0.019706766189565184,0.438361450039667,-0.10900186630754057,-9966.052907111105,0.349155198889285,0.1960064308170879,-0.16502881191324353
108,0.012365966159161851,0.5478346583449212,0.39009646806249654,0.022622524155290393,0.436310418920439,-0.11562786425524894,-9966.164270551995,0.06992977739249277,0.19468957154617883,-0.006226336465762021
109,0.012244167156878823,0.5738477850015671,0.36677337195021276,0.021373039722298585,0.4211334643805701,0.1513182865535651,-9966.02649971129,0.10330472706563945,0.1850093948773238,0.12449519639795281
110,0.012183714827811389,0.5643653569348275,0.3753907339506727,0.021885697490360456,0.4259346260038934,0.14057886410806078,-9965.774951672518,0.09475080877409474,0.18794310890047253,-0.8180189215756205
111,0.00990533613690335,0.517187312293762,0.41245123768469344,0.030568989358625703,0.4568626422625143,-8.084924599182445e-07,-9966.919078374578,-0.3682721261037267,0.20872347389528878,-0.7586842075052279
112,0.009355616211627244,0.5204099379164957,0.4087518862863725,0.03161568374283168,0.45704578366722814,9.001217407176522e-07,-9967.176726126432,-0.4781914859923447,0.20889084836824404,-1.018221881756652
113,0.0078002419327932206,0.5235482070572111,0.40598274330600914,0.031950637679952196,0.4576584504471335,-2.537860835117831e-08,-9967.815624912362,-0.675597188009853,0.20945125726567154,-0.9804591588383575
114,0.006534599960298386,0.5440451663590491,0.39022402843940784,0.028513884162951926,0.4456908319439895,-0.09070912943196485,-9967.850721313609,-0.7595281094662698,0.2013158410467492,-0.7999569280693603
115,0.008223666733865802,0.5275214922398532,0.4036176976979582,0.030754971358214235,0.4560588325700089,1.6976367394688986e-07,-9966.147455146996,-0.7725877221110166,0.2079896587651286,-0.16788258823202978
116,0.00905419303211026,0.5269837266679589,0.400868610646821,0.03340818398610374,0.45669911646252304,1.7269232262052734e-07,-9966.775482677353,-0.4364227020259387,0.20857408297765864,-0.5297721544174978
117,0.008970167642654538,0.5385313928441899,0.3914917207358811,0.03196953560424882,0.44929462742270754,-0.07061557112605342,-9966.70865337438,-0.5666578715986372,0.20347668734073282,-0.4772321723260906
118,0.008791543377095205,0.5257600302587118,0.40299711682385353,0.03249189095220384,0.45623357539682025,1.9499818680797294e-06,-9966.243895235097,-0.4953574176523312,0.20814907532057175,-0.7031204163554295
119,0.007248244485164532,0.5254555231318039,0.4051281197700134,0.031122499457937054,0.45543562722924197,-0.02238663002695917,-9966.12623922216,-0.5668473571030955,0.20758032293985804,-1.5598865475752466
120,0.004763404299681466,0.5479148446557436,0.38965255915477903,0.02629193002467816,0.4436641702678671,0.09846174831260857,-9968.118706620588,-1.0192904643891132,0.20001318736332918,-1.2240845702005225
121,0.004392225927138714,0.5563245771145033,0.382840325133437,0.025407232105290008,0.43960886542871114,0.11137113197672897,-9968.194034299877,-0.9879394490595197,0.1973739458694772,-1.3533788532923652
122,0.0035672267595085946,0.5689415937838922,0.37353317382853135,0.02326609195691736,0.43285478904432906,0.13016640075461036,-9968.510517372773,-1.1261811946719855,0.1930933782703116,-1.3260282600349216
123,0.0022980231925592174,0.5881406192884893,0.3578501496500673,0.02097957362141919,0.4214627005753971,0.1540629912341276,-9968.20291893459,-1.1973595490470224,0.18586368184034668,-1.4613412268193244
124,0.0020780682777628394,0.5793407344884701,0.365854937407045,0.021932857662904467,0.4276969585844663,0.1411673456766735,-9968.176033115404,-1.3277164659294782,0.1897802086202719,-1.6020463524447073
125,0.0010466560099711966,0.5348638806782174,0.40690992064425124,0.023653911450247173,0.45511511664110904,-0.04238950028985835,-9968.115330016171,-1.4089410971021699,0.20771492182111267,-1.3063096182032012
126,0.0016436672055822866,0.5430217346506173,0.4005472425749552,0.02199026094818515,0.44947103826155455,0.07364081909512696,-9968.00281476399,-1.2924594576431252,0.20380941299852634,-0.9534536088254839
127,0.0009879331938129204,0.6216823115257855,0.32758711930833706,0.01894880758669429,0.4025916166047304,0.18394491409300162,-9966.709826202845,-1.0947026024504865,0.17433269403122434,-1.1997156422465145
128,-5.8870070198061974e-05,0.6768188910417268,0.27350774549227697,0.02075763995101426,0.37345885941323764,0.22176311981890232,-9966.258215330008,-1.1691357509313929,0.15837468276686503,-1.3398299393939468
129,0.0005296056513236728,0.6082817446164814,0.34099560609544655,0.019898552677970766,0.40611238693834917,0.17583659927323148,-9964.891849667307,-1.2470998771135475,0.17588776243358273,-1.1623310435059089
130,0.0017875464961968346,0.5295406644532812,0.411133735086249,0.025148450254099838,0.45085834786248813,0.04545519043441677,-9963.726963749918,-1.1292478481491814,0.2039356409531855,-1.2098179372133608
131,0.001578557079801999,0.5423081157615179,0.400809128155572,0.023768392920460023,0.4415253497911916,0.09026605635758822,-9963.472685189572,-1.1428886561380935,0.19759610682331696,-1.390995003850321
132,0.0015139782668722552,0.5214642771113924,0.4190046717140145,0.026409805741113974,0.453078717100064,-0.00020045997632915205,-9962.841563052241,-1.2648176993064115,0.20528033658150974,-1.3698114222106423
133,0.0021022474307596773,0.536565485843596,0.4063665516986569,0.02496093950791907,0.4429189554401122,0.08089048701312296,-9962.29771102505,-1.2746999521742488,0.1982857611351111,-0.9631115741814258
134,0.0029071496165434824,0.5281830722043102,0.41287320083712187,0.025550620693125546,0.4483242654012529,0.05531298832652744,-9962.518829249968,-1.0645725017133398,0.20196909505025407,-1.0616630437311823
135,0.0030957810539014954,0.5277057999538242,0.41334786801806433,0.025456211147622046,0.44865584156985183,-0.05301961140191107,-9962.505215535666,-1.0939515765593981,0.20218697397958807,-1.2195679895334048
136,0.002391723748212475,0.5221408981182749,0.41797606476977944,0.02649658696714404,0.45276770681486367,-8.57098954361401e-07,-9962.48282774233,-1.1631007294123064,0.20499859633462275,-1.1517381474924122
137,0.00308806342436562,0.5347263701669944,0.4073328194110942,0.025074553203041167,0.44419419230836343,0.07474588518935779,-9962.182342980232,-1.1107810218611307,0.19910489837714068,-0.7861522753153015
138,0.00400347435968971,0.524337435054595,0.4157320919631813,0.025619360227546205,0.45124993786966927,-0.031213828346143967,-9962.435256358194,-0.8962929274548875,0.2039355507633855,-0.7365991115835101
139,0.0047499242977376895,0.5223470144962596,0.41747335994196305,0.025235010286636488,0.45266557779132355,-6.395244495858783e-08,-9962.484082416564,-0.8509357223083929,0.2049061253171541,-1.9197690835405175
140,0.001877404946919003,0.5195260183593773,0.41942391831026726,0.029065931344237156,0.45517338582993744,-1.1680491286659508e-07,-9965.277108254708,-1.440032370525734,0.20718281116789336,-1.3418564198619618
141,0.0025933976105959296,0.5183033579816461,0.42051351800640574,0.028793365717565515,0.45505145230818345,7.22202263759704e-07,-9965.248413616295,-1.212641851043728,0.20707182424795015,-0.915854007252237
142,0.003569319997896555,0.517899771334065,0.42055512184185634,0.02822388637996749,0.45524455884587434,9.012933976650122e-05,-9965.522592692925,-1.0091297580162633,0.20724761089717272,-1.4377581668857853
143,0.002711119806097696,0.5179566669798306,0.4198614308841019,0.03004738080382135,0.45555412824946584,6.724485134373985e-07,-9965.938296067827,-1.2946584459483206,0.20752956376527204,-1.623417716119707
144,0.0018343978733014446,0.518495311014134,0.41975135920515705,0.0305936938225347,0.4556801329476705,1.518708578893544e-07,-9966.076965315116,-1.4655764013070764,0.20764438356321388,-1.9760067975302154
145,0.0027374518533896325,0.5192708133849832,0.42027400705993984,0.03026815069839841,0.45614027478112706,0.0020597624485946156,-9966.591891923808,-1.619283075797355,0.2080652818220771,-1.140658206877486
146,0.0014629962940835859,0.516144497454985,0.4231406595919248,0.029569252519778627,0.4566411949996254,-3.1945244671929566e-07,-9966.973193180358,-1.253055029040709,0.20852118097071767,-1.5578991861674176
147,0.00091677529274465,0.5153323944719151,0.42423377668081197,0.03012339978070106,0.4567956934398042,7.547978311807469e-08,-9967.22393202104,-1.4926212647995745,0.20866230554515336,-1.3884381854700292
148,0.0015838230319908542,0.5156792366231775,0.42286116238998783,0.030774578368773252,0.4566986911774231,2.839896337475814e-07,-9967.23071804215,-1.4166929816010814,0.20857369452319635,-1.5523022499640733
149,0.0013854113873087328,0.5152421637754544,0.4237491955626438,0.030643673502271145,0.45670127487323875,4.828172659528307e-07,-9967.27162400091,-1.4782717458024623,0.20857605447091393,-1.6299073951289251
150,0.0013394403169152541,0.5156469544406246,0.42297848792745785,0.031370001164169325,0.4566582898449659,2.66871076652615e-07,-9967.354523234548,-1.4753127033930962,0.20853679368415104,-1.7235328736555162
151,0.0005079812977110509,0.5162548830013598,0.4231577260646466,0.03133495931718791,0.45688248660994446,-1.3398554936847818e-07,-9967.526903882417,-1.5770680713431104,0.20874160657089166,-1.7968414225057445
152,-0.0003125989050017657,0.5167373308485316,0.42400644030205914,0.030687267072793817,0.45705856542534506,-3.5972469023290453e-07,-9967.668364635156,-1.635357666167651,0.20890253222871483,0.3720111900227201
153,0.005523152620022884,0.5144230636213329,0.4207737758856511,0.029828368613114227,0.4652707065588251,8.438291977128739e-07,-9976.755784159623,-0.5467422001714097,0.2164768303819683,-0.6958627564006813
154,0.0032291833418826524,0.5085115075975324,0.4297919275925489,0.027272579414978113,0.46467102496149026,0.0036159686847288593,-9975.920875299098,-0.8995610263908963,0.21592314672103954,-1.658303330185012
155,0.0027862124512232998,0.5038867932113107,0.4346047857413018,0.028694488634033833,0.4658325290770992,6.641327125157504e-07,-9977.095835055623,-1.2883044392639746,0.2169999451464993,-1.086314789817704
156,0.0025363033344493052,0.5045457135390503,0.435267771435837,0.02692094557426377,0.46567272749732036,1.1728042662632174e-07,-9976.94526360687,-0.9934587654618522,0.21685108913479775,-0.7206941667012885
157,0.003892575822783212,0.5041338144742888,0.4351970111493526,0.026541920543723875,0.46560409087269927,3.151659613342382e-07,-9976.861905517544,-0.730593094903623,0.21678716943742274,-0.6237062054864041
158,0.004860390986800913,0.5080171320570355,0.4297570548140148,0.027745981577912377,0.46521434117016675,4.45267815515218e-07,-9976.63775496925,-0.7954737968207225,0.21642438323045265,-1.085213658553408
159,0.004380948353792789,0.505132393962344,0.43387457430896026,0.027161089710646603,0.4643191532580364,5.754966850409056e-08,-9975.974452714403,-1.0222372527255208,0.2155922760822609,0.3576050138895548
160,0.006523130183839467,0.50841742382458,0.433269414417882,0.020862228297420952,0.46734492304652286,-3.432212935341276e-07,-9978.47695271442,-0.22038578605340522,0.21841127709739636,-0.1978265812365209
161,0.007707293917087852,0.5073731137000721,0.4340372266803904,0.020993597188280484,0.4663399865907196,-6.308887750499045e-07,-9977.575820628792,-0.3459897510643587,0.21747298309355376,-1.0072932026937524
162,0.005706358613788274,0.5059731710297699,0.4322060355620849,0.025884687517633113,0.4673218040968389,-9.541926613259837e-07,-9978.644845511999,-0.704649472641745,0.2183896685845999,-0.09874867656442318
163,0.00855108564655405,0.5067182799915064,0.4325354679987601,0.02304946972398908,0.4670677877608498,2.0993817785040464e-06,-9978.737995074358,-0.2791637633424722,0.21815231836515214,-0.8125305788637727
164,0.006842031648058209,0.5034628325579188,0.43395935717585865,0.026112552773400386,0.4675811268588521,-2.523898061269167e-07,-9979.06824782574,-0.5376525411081579,0.2186321101946131,0.12678767327801496
165,0.008908887458860499,0.4995407619200417,0.44156078081865047,0.020717765346507988,0.4684024887768716,4.393602762618289e-08,-9980.032105869592,-0.18518563063766874,0.21940089149236788,0.4048975937690276
166,0.010342486845837037,0.5026838308871032,0.4404174389892707,0.017561846364086465,0.4692865596531015,-2.2524266117016684e-08,-9980.974613017761,-0.0021075774888009,0.22022987507104413,2.9203734259201006
167,0.014492197252833423,0.698736220838202,0.2722194982420595,-0.005744803611187819,0.37733827609134496,0.2604751098755669,-9998.914124860412,1.5013584986903794,0.16863592333628225,2.130591292096694
168,0.01555969534299501,0.7164728124294889,0.25548061484110873,-0.006908288568236554,0.3774473850225405,0.2598187395447387,-9999.688346825376,1.5969924896061225,0.1696932274535411,0.7857586589613811
169,0.015975046008203438,0.6428737277834863,0.3178850161356103,0.001343022000647441,0.41439417282199054,0.2199586803329468,-10000.723896714457,1.0157143735595542,0.18958981380090645,0.3245102688468399
170,0.015175023998474355,0.5993914071957686,0.34948957563482563,0.011555825880681232,0.4428961326757489,0.17736723551550748,-10001.271414828327,0.7693189311633292,0.20722772772045847,-0.17758907347913383
171,0.012031998516520582,0.6394213129804602,0.30189735065976997,0.022040291495105745,0.42436721878490746,0.2098051023669644,-10002.744380315626,0.40472296978556516,0.1963465575313543,-0.1784981493405214
172,0.01066172270727101,0.676608451033015,0.26141949751352683,0.027522632989263513,0.4061664274530073,0.23361419851609463,-10003.115107239402,0.15534904270491773,0.18602696938032023,0.7151422468220675
173,0.011588958711789,0.6503765239534343,0.28982415949651597,0.0238936815937678,0.41906362582032686,0.21850435560884168,-10003.496862494763,0.4833671634291633,0.19345553418799333,0.8293420223026997
174,0.012429371161679704,0.6450229668888232,0.29540717794657745,0.023210664698538677,0.42264605760717444,0.21377362203396214,-10003.664174384181,0.5732650080550362,0.19563043004983893,0.7381293497012104
175,0.012179233679622765,0.6406819325298274,0.2995706225791115,0.023142925384820566,0.42675517565011223,0.20784820827054437,-10003.521033338162,0.5673574678116099,0.19817903643646814,1.136144873888738
176,0.013650286919686928,0.667668391198514,0.27558522139874064,0.021236654806459393,0.41139206350214874,0.22809408201845552,-10003.613747952613,0.845847248644933,0.18917569188671607,1.5041479749522426
177,0.014415572304902242,0.667465885517132,0.277765769735806,0.019175320022067628,0.4142109233962244,0.22565155936602002,-10004.382526019968,1.160341760650938,0.19119348337607545,1.4383653318388006
178,0.015215287937061034,0.6690967635233613,0.276474343564994,0.018856150390621947,0.414324249434022,0.2253246849594293,-10004.470823078844,1.2255837631725666,0.19132032255682738,0.5148457314936895
179,0.013952388417594375,0.6607606309510963,0.2809918150180378,0.022143404955697915,0.4188969523630879,0.2213242632673521,-10005.460590288487,0.7738047145049035,0.1941872293699948,1.1452522482003547
180,0.014452496710771302,0.6715766681699499,0.2730718880997556,0.019988700148824312,0.41133457220331104,0.23133621769510818,-10005.667240382378,1.0429430673993136,0.18981332673371792,0.6837765257921264
181,0.013795266023545503,0.6751660560249708,0.26907468393266687,0.020503942640497333,0.4083656305114235,0.23513361030974278,-10005.706855013348,0.8346441919727304,0.18807845688943164,0.16886208056081917
182,0.012636885107405058,0.6744222758083216,0.2678309605044966,0.02213654336823418,0.4098501147862229,0.2344154501057265,-10006.381270055077,0.48399043780901074,0.18915031922550807,0.8980615807108737
183,0.012650916585096953,0.6628510131038645,0.28109695028978926,0.020297498645707693,0.4144040339911116,0.22894236706067306,-10006.087941836628,0.7562340788476111,0.19161097704129504,0.6957503174572293
184,0.012372732532302885,0.6609517270086995,0.28288685543297243,0.020300100718998747,0.4154838368312359,0.22756070330227085,-10006.035890809064,0.6979499582303487,0.19222939008993595,0.05475530017389272
185,0.011790060154088042,0.6589445323367298,0.2840573505722554,0.02056570724285718,0.41755619173912384,0.22588263853901125,-10006.76849849755,0.32606395124256937,0.19363807422875945,0.12291233649443982
186,0.01082146915005371,0.6538859828509809,0.2882671991427005,0.02101492325811948,0.42192974064760735,0.21954357352420645,-10006.402503729607,0.2726992132557446,0.1962178098995891,0.5310879671412451
187,0.011623096228403403,0.6549746953309787,0.28712642353351714,0.02129804377901591,0.420622265297628,0.22132646729182148,-10006.405464905862,0.4727042257668586,0.19540225355831053,0.3263367066626062
188,0.011470063421988306,0.6546757745541598,0.28772669469549994,0.020893241315236694,0.4206424921958468,0.22135501545135702,-10006.437610021936,0.36715837698212955,0.19541313929921877,0.912011276854695
189,0.012224906055107742,0.6576994271741128,0.28371786511991126,0.022434721417024114,0.4192631499181827,0.22414775679560328,-10007.064470702278,0.6463741279471985,0.19476537483664785,0.3371973086929149
190,0.012406711732543825,0.654999945543155,0.2868567721211361,0.021618501177119706,0.4199004483737312,0.22318782684132432,-10007.003327845843,0.4209238600240559,0.1950519529943632,0.2616736552826243
191,0.011869672885181794,0.6476518249396945,0.29306501314854283,0.022327792152092008,0.4252914649647549,0.2158303717159115,-10006.975801105944,0.36335341549738914,0.1982998203738777,-0.03884359347184813
192,0.012040014397770693,0.6660370951112837,0.2754553892103315,0.022215318225610937,0.4149283068796491,0.22827854094198657,-10006.501840209487,0.1796567139445307,0.19208186174674932,-0.03146724424907268
193,0.011430829922279956,0.6613619295540218,0.2797230329965871,0.02244894051487198,0.4179125198885838,0.22444335226310158,-10006.381066292244,0.13120563662285953,0.1938239059197889,-0.6430030743362427
194,0.009767526322979184,0.6703926679070629,0.27267875831245547,0.02063760216886619,0.41486505256397993,0.22999407980539804,-10007.528813551822,-0.2605844042315335,0.19250924120774454,-0.25440949004691876
195,0.009953467243982234,0.6731200768028676,0.26973072953283816,0.021006796566366476,0.41327435161836573,0.2318610904718696,-10007.499274754533,-0.16914757554690593,0.19157953816347628,-0.1882043296209961
196,0.009786900605911234,0.6718377053303066,0.2711199646729653,0.02087661443224095,0.41387505674537495,0.23108794837988517,-10007.432824199668,-0.1549981098737554,0.19190725618927018,-0.9761575026509965
197,0.008545033221472882,0.6729480162786441,0.2737178888486137,0.01710749089119024,0.414037212035236,0.2327321970781583,-10008.723368763653,-0.5955343468827272,0.19238613460539744,-0.1661675139649535
198,0.00895581089229771,0.6729038262055703,0.2728831495675357,0.018116922954276776,0.4121813425378046,0.23569266619010848,-10008.9234809366,-0.27769413001618765,0.1912608182122444,0.07676227693938956
199,0.009210756312108142,0.6676120890477417,0.27618703197340955,0.01981683757657089,0.4157554542463524,0.23155039175998082,-10009.02993844168,-0.08439672234558093,0.19336755099584046,0.5005066548641657
200,0.010203869807277728,0.6669551372419524,0.27409502953582054,0.022408037716406475,0.4180139923192066,0.2295176232633766,-10009.664070562318,0.19308219253404552,0.19492083473569935,0.13840676018260753
201,0.009877718858933522,0.6640772788982474,0.2774774802337321,0.021775552299318365,0.41907679969547934,0.2281370705355094,-10009.576084818384,0.0809780639058503,0.19548818139253524,0.280630348386038
202,0.010301770815764642,0.6646214233304955,0.2769659425380639,0.02173177127951937,0.41869420029316773,0.22854539892771142,-10009.573943522815,0.2022936788501337,0.19524883327984313,-0.255399784854619
203,0.008463926429914295,0.6707469565372797,0.2722720105125586,0.020694145859879318,0.41440175038009386,0.2335328200307672,-10009.281898126552,-0.04044563766166559,0.19266699884727756,0.791489705881221
204,0.010355964894378795,0.66490819079608,0.2772696993681712,0.021096585809717093,0.41817460908132853,0.23093546266772463,-10010.559757494977,0.4694971323110491,0.19518111124968496,0.19186346597051493
205,0.009129674195265763,0.6559399790787648,0.2863453790917734,0.02054443554486888,0.421882699400991,0.2255164207954482,-10010.164233318266,0.23773242632609784,0.19712924019470152,1.1067717574787526
206,0.010879568686210372,0.671894868931453,0.272347569427975,0.019307379303852196,0.41396083929880156,0.2375887922009693,-10011.587761987012,0.7014301744863323,0.19298117282002997,0.6057974514265934
207,0.010516039006285907,0.6729149478609223,0.2717262167499782,0.018969272811370928,0.41257582489154954,0.23928880326931534,-10011.56771227206,0.5566591080635442,0.19212950970158532,0.5143535728288443
208,0.009252236979427533,0.6939587414157968,0.2512941093828557,0.019355781902437755,0.40030985787517875,0.2521281038798313,-10010.970487670807,0.5288199053270338,0.18509160174250022,0.11353639855454135
209,0.008085414703563288,0.6918988176972151,0.25028074816738843,0.022432944930632377,0.4020654663577171,0.24983369185625792,-10010.963543028816,0.30417616664790614,0.18601529096988634,0.11747779618666711
210,0.009356752664355945,0.6728226797958168,0.2699723923892111,0.021327026967041425,0.411382480372476,0.23719517305707533,-10009.11727804707,0.2635027369487914,0.1907811219135411,-0.569277576808332
211,0.007388463164987721,0.6928855981677307,0.24879115588557993,0.023617067688997122,0.40254856937489414,0.24871746257539784,-10010.336819671025,-0.1652077282009619,0.1862866332449895,-0.37168486849049315
212,0.007724626213391468,0.6760550116575693,0.2663436598103529,0.022352943469211115,0.4101062935565392,0.2393473782740888,-10009.683436098563,-0.1921681813973908,0.19020182259433036,-0.40719574129024283
213,0.007894565590233209,0.6761503733300047,0.26727446636650054,0.021527410559938107,0.4087140316341004,0.24061540766343806,-10009.285930741316,-0.268446984251917,0.18924802375293404,-0.18596419194113223
214,0.008722407113000631,0.6924702931256825,0.2521221074859463,0.021135532824564138,0.39847216518595596,0.2513661152730996,-10008.708222119605,-0.19742752216326162,0.18336631745716384,0.29951528773330616
215,0.010284921522021775,0.6931062073583532,0.24962899197082133,0.022717339325496876,0.39867707389476537,0.25089421836868164,-10008.794625109445,0.05936185676516284,0.18347213186962857,0.16306212554008834
216,0.00955753520171104,0.6913858750257642,0.2521250169088767,0.02186705857791393,0.3998638387044011,0.2487744578793437,-10007.99109330468,0.06872804531925679,0.18402035427238164,-0.2502894381913419
217,0.00900612581508057,0.6880720635554133,0.2556393628322109,0.021615915903158686,0.40158148731346266,0.24724095395040846,-10008.218200594638,-0.11922808644273236,0.1850078284817558,0.03015157603100477
218,0.00967328837682867,0.6905191726784614,0.2527744315245849,0.02207116710512024,0.40018996662344375,0.24855330009831056,-10008.124966543313,0.006554939688847114,0.18420180050111373,0.189676650819189
219,0.009621699462869428,0.6840316751713762,0.2589403387585869,0.02198146297720787,0.4043671804173107,0.24374384381618147,-10008.016371038342,0.12295601988817956,0.18653037846758283,-0.08597667429731723
220,0.009758229929004856,0.6922493143709698,0.251257925634486,0.02187874697953763,0.399403423774555,0.2488879228786028,-10007.830491902254,-0.004953855671637699,0.1837090221284473,0.11565791518658429
221,0.009864969624052242,0.687556053955741,0.25619915693344775,0.02135012178427227,0.40163800788394344,0.24638403892668378,-10007.726612876859,0.07031424446005202,0.18489117261794372,-0.49777505576338626
222,0.008474542255218289,0.6892888535244315,0.25513468738009015,0.02088883347231304,0.40140440959889734,0.24745864301119583,-10008.27572630456,-0.2294245259141628,0.1849726459131082,-0.4104358080935227
223,0.00845435759139681,0.687221158219999,0.2571189811255635,0.020914977734375183,0.4027691777661371,0.24587129310845743,-10008.289369753316,-0.26063038644798514,0.18573235035632907,-0.5550596043712203
224,0.007972969989956284,0.6900271072985305,0.25487115620264256,0.020597218820804467,0.4016216250972888,0.24730308210423563,-10008.477335261126,-0.3762742407250046,0.18517404948544428,-0.040878034632139536
225,0.00919264550550699,0.6981576743486554,0.24643352050519968,0.021081350819962583,0.3963392779873355,0.25277066810942295,-10008.316586381332,-0.15155260668294637,0.1821759808373661,0.2702671320761111
226,0.009989175816635268,0.6948819326672979,0.24843691356925263,0.021983100315449245,0.3988875988974925,0.2504064487696413,-10008.629111953904,0.048097287841459904,0.18367568182673225,-0.7136393950867554
227,0.008939211519394068,0.6869450126123551,0.2576576529937716,0.020677258134207205,0.4021170312547506,0.24860451152261992,-10009.721265130825,-0.40628414071536584,0.18561280001126118,-0.8041380860448533
228,0.007792583419287232,0.6790509755722725,0.26517906027088345,0.02092150926418741,0.40829479073239483,0.24172314725664729,-10009.812564703692,-0.5472488653338697,0.18923099211079702,-0.7313658126042525
229,0.007462298236429101,0.6806794771263842,0.26374788980903163,0.02093452591309248,0.4078998220266484,0.24217771825745196,-10009.864958997472,-0.5531551047782942,0.18906084383724564,-1.0308092403400817
230,0.00679362662627252,0.6898131269893204,0.2558725252933792,0.02045557283775367,0.40353523800143,0.2474671376925327,-10010.241727518944,-0.7573858703044655,0.18677914415285846,-0.30990039070128383
231,0.007622452491317254,0.6839102739681706,0.2603056458822146,0.02136989864000581,0.4059852880962309,0.24542701499942116,-10010.588718889061,-0.4708758010351072,0.1881455482258988,-1.4997562220143688
232,0.00514474593550569,0.6847846441205865,0.26272970847795185,0.01919299140529389,0.4061205936160167,0.24820880020669858,-10012.50631909978,-1.0470623638012413,0.1887856304949538,-0.1933595135177674
233,0.007025225889260349,0.7010976415128778,0.24606155974072091,0.019585873216706656,0.39415456989302156,0.263240998191542,-10013.785001402754,-0.49349188767113017,0.18231256221015435,-0.5000271032224707
234,0.007030036146351358,0.7005978314852581,0.24616552483402054,0.020047757654588702,0.394394196489374,0.2629483315684594,-10013.748260276154,-0.5264384250102558,0.1824232594536446,-0.1531564487388265
235,0.007761557405040567,0.701865578015929,0.24329043466258823,0.021456313355887907,0.39423925800487086,0.2633610513513438,-10013.9831618549,-0.327589557436767,0.18242098888712482,-0.643260320838124
236,0.007312715095152009,0.6987033796018436,0.24637024184223866,0.02178580704143332,0.3954557460689715,0.26245671007085636,-10014.177299111885,-0.5278689197902368,0.18306851115400521,-0.6084957383605198
237,0.006721821353084007,0.6980389899883653,0.24593772959448307,0.02307334866167761,0.39685392172228845,0.26089996291439094,-10014.129698360237,-0.5183430998748778,0.18390245096016894,-0.8492134649866903
238,0.006513193052535775,0.7089818974423647,0.23605639841738452,0.022843113275264053,0.39037602603630517,0.2674286115747646,-10014.16148739131,-0.6557396126523548,0.1804055893743046,-0.5839964841205243
239,0.00723645427916077,0.7111080323397636,0.23272513342043546,0.02413194149390513,0.38872799760146926,0.2683682642222301,-10013.810856698747,-0.5640045966395333,0.17934992522237872,0.4120724560953824
240,0.008902411873218927,0.702622150880464,0.23771383193048867,0.026455923888172327,0.3951169816485399,0.264549920058346,-10015.651392875134,-0.04006077895160251,0.18331387235820754,-0.4996087323031462
241,0.007778811284662627,0.7055176192157171,0.2349230696629974,0.027273895100036936,0.39185327575044715,0.26876500776545925,-10016.054334801865,-0.3679697328955087,0.18153648290197041,-0.5143195688227481
242,0.007355475185104803,0.7042703955010312,0.23511503788574786,0.028656628566734295,0.39253023861197495,0.2680857811502785,-10016.00956803184,-0.4297116040078469,0.18187941955217832,-0.13857984377908783
243,0.008089649033880902,0.7094382558714862,0.22906310335895055,0.02970774983531585,0.388968263742557,0.2712148418362311,-10015.836369146547,-0.23527762819719014,0.1798322692557608,-0.0864336878841172
244,0.007839202796986775,0.6958796417371782,0.24211521408390368,0.03011130311114673,0.3936032074224136,0.2663096650691918,-10015.153273615646,-0.1532692362037394,0.18190994950853845,0.06332054595684608
245,0.0070913821991782245,0.6811857565154545,0.25754498713910007,0.029007142742466012,0.398810268639242,0.25974250160012236,-10013.771695542604,-0.07413125592120551,0.18423872789639434,0.14305583762791788
246,0.007112940174205058,0.6768866789020105,0.2619227428106168,0.028692613103781912,0.40038862364246386,0.2578734895916526,-10013.59808875905,0.007539137915594719,0.18499487363988434,-0.4567516909392902
247,0.0059901978871646205,0.6734485968814812,0.26434847459301003,0.030146459519984254,0.40135836674948216,0.257452058057812,-10013.925565880638,-0.25190057397824095,0.18551769383382596,0.6302860720455303
248,0.006906058412924557,0.6846925960567694,0.25674029077296034,0.026336467050888913,0.3930809610631959,0.2680969738141601,-10015.1467331832,0.2416028499632672,0.1811246485796575,0.2357444676461083
249,0.006110964459278178,0.6870304962198176,0.25410548815516565,0.026708709192047125,0.39110265925816956,0.26926360156809953,-10014.688250296247,0.17242249121307685,0.17984509972065651,-1.2797527632143761
250,0.004068688584051546,0.670862403066148,0.26502645841042016,0.03226969082381352,0.4041428040450137,0.26133531778729124,-10018.664940819088,-0.6007945621521591,0.18824904748609256,-0.8017119131311112
251,0.0032480809511306564,0.6639047637514699,0.2710388194078399,0.033119559487910996,0.4078253474098926,0.257051592877775,-10018.601054594603,-0.5635191321831916,0.19024921652478885,-0.5582175331993606
252,0.002299087798293217,0.647540792400902,0.28589004320974976,0.034016542689538236,0.4140242388681967,0.2487074498786241,-10017.891250638626,-0.46433025554766905,0.1933081544257006,-0.7055973229399969
253,0.001755473625048911,0.6514363289556795,0.2825016042246645,0.03387600670565055,0.41190384294018756,0.25135817482209855,-10018.221677817159,-0.5898532141304796,0.19212020577465022,-0.837437415091773
254,-0.00016136815676111614,0.7081267553745372,0.22835448492118515,0.033860785023244314,0.3773367347944956,0.28420807182973806,-10016.824326475074,-0.711592554684502,0.172561426238859,-1.4839685634247775
255,-0.0023007352032544514,0.7523692044478372,0.18561947365162798,0.03430647058739929,0.3549186436800048,0.30239079894510956,-10017.034131023514,-1.0576181292839768,0.1615678577000722,-1.1206669373218994
256,-0.0016927129009647783,0.7155653010326626,0.22798551341579443,0.02699962759495727,0.3725693608657477,0.2873797210579721,-10016.189516909251,-0.9968981428207593,0.16997414865087332,-0.7904598979048257
257,-0.0016615459870697898,0.6902114227382047,0.25381798107470577,0.02457475076782746,0.38369417621850055,0.2754611297455769,-10015.207646030383,-0.8453733860505901,0.17512303496161824,-0.9378093530961099
258,0.00020418192133971218,0.6551391764054091,0.298241170946386,0.013436595055434007,0.40107470394535083,0.25515302175518995,-10011.978607579182,-0.9092048628188322,0.18412574482620225,-1.2991029550031434
259,0.0002477077582719526,0.6313449688717689,0.32340163517050446,0.011026684351805597,0.41690323962485143,0.23670926551498012,-10011.989577179691,-1.1125670895152373,0.1934830202120425,-0.9278176371178662
260,-0.0004107433220502839,0.6153392945207847,0.3385196000027937,0.010586008154186699,0.4234237804190648,0.22641962564649187,-10011.181734326385,-0.9460827802099512,0.19691032316968826,-1.1065034057979082
261,-0.0006084988110462057,0.6151246887311499,0.33948349918424614,0.009797593883667358,0.42414892358696404,0.22599235800082584,-10011.587397433044,-1.0042961157322017,0.19747516451053992,-0.5978439244159525
262,0.00027294887399927705,0.6118799343647854,0.3411120984926669,0.010475712813992727,0.4272549136852525,0.222541472067656,-10012.169399068665,-0.7740434051383133,0.19954165963308712,-0.6031005105696816
263,0.00010517647532994715,0.6563500627624559,0.3000030807887465,0.008938743938883005,0.3998673953167978,0.2562299941919911,-10012.29266851253,-0.717212429302094,0.18340273472597457,-0.5922647925654274
264,-0.002069982361904145,0.6797630822357847,0.27216432543206653,0.013338139620119718,0.3848441443939058,0.26208914637628156,-10007.284993114821,-0.6586170153565518,0.17341384595553458,-1.0773064388360956
265,-0.000691760351262825,0.6547996318354837,0.3004825944618143,0.008710692495491189,0.4059013967032673,0.23660482093033375,-10004.480486691167,-0.8737832792718904,0.18536753505711423,-1.0358724579547156
266,0.0012185212590725887,0.6560429649922848,0.29926650636666535,0.008087382665794379,0.404220564013968,0.2384751491248681,-10004.70408293997,-0.8826674912838455,0.18431294711971233,-0.4921668530387481
267,-0.0011868842608470358,0.6601804885340339,0.2950531015008325,0.008028631260504645,0.40004149186721405,0.24388676297774464,-10005.266050392505,-0.634569142241529,0.18188392413643104,-0.485749804933714
268,0.003305150621750934,0.7179532656206382,0.23867416345897316,0.007549355461617044,0.3621018318059682,0.27886600823313734,-10003.552464348482,-0.573732113724212,0.16086085971004532,-0.014714884835274254
269,-0.0021397919701807598,0.7099229162834921,0.24275266838270704,0.010840430366110602,0.3664042687093886,0.2747488184560076,-10004.009918375337,-0.3202834650161042,0.16288180863772853,-0.45645715366517436
270,-0.0024378408483092112,0.927313169171107,0.02861061888344974,0.018880312057748837,0.2562291282677188,0.34969004149034444,-10004.902352012832,-0.39134069122782883,0.11803445136221971,-0.600267216794494
271,-0.0038846060673014427,0.852373582190088,0.09687662995887335,0.02151235859909935,0.29009028257325836,0.3287318054756613,-10002.793285170885,-0.504208790642525,0.12873777150734478,-1.0573791642733246
272,-0.004706812306818516,0.8430326142678706,0.10482811583393001,0.023048629714035915,0.29539137971644935,0.3261220982230141,-10003.209048414392,-0.7591991088942679,0.13095517561319264,-1.0849210153590163
273,-0.006739897015110253,0.7372980119197767,0.1995946685413398,0.028360278772863994,0.3494346570207039,0.283259287731662,-10001.241283685113,-0.8659302766525885,0.15304644597963732,-0.8181811445245829
274,-0.0046103095814401165,0.7180361910136904,0.2215072327356204,0.02527886214975364,0.3715066316313973,0.2605496106666978,-9997.45701547234,-0.792035164921103,0.16482590686647902,-0.8938426314396205
275,-0.005562467311347142,0.7970414593163395,0.14156189542884018,0.02987166342432706,0.3265220658420981,0.2963989326329305,-9996.347615469287,-0.8364394712688733,0.14313258324859232,-1.2162274297945685
276,-0.006008943193742733,0.7731899564396576,0.16618408468230872,0.028429613459334188,0.3397562583718271,0.2863680836460857,-9996.115861721772,-1.0197538507773698,0.14908747786789817,-0.5783493321446297
277,-0.006466154938715333,0.7328692145536784,0.20260964193407174,0.029025937302201245,0.355296481194618,0.2704417340442849,-9994.494225430444,-0.7475930685023322,0.15499111408326352,-0.945860999531427
278,-0.006097744001954251,0.6849762468916796,0.252610031370664,0.02462670582145845,0.38179229550090843,0.24402015502876906,-9992.903948070616,-0.8604266717890215,0.16833903948920514,-0.5711395964430328
279,-0.004628727290867945,0.686680926383975,0.24955693404861784,0.025205243404374276,0.388270425600832,0.23801910783736424,-9993.269032352875,-0.6853694460359898,0.17263388725886974,-0.5575108987697465
280,-0.004688656414760656,0.7650027317602002,0.1732926129580784,0.026590699777638643,0.34613424606284404,0.2784566505643158,-9993.571674431945,-0.6243123340167499,0.15177668076515194,-1.1374121353581068
281,-0.0057900903660374784,0.9178684935167997,0.0247242585508409,0.030320966592610833,0.26097390258412706,0.3341613676045611,-9992.990143307636,-0.8609946469503303,0.11675134490781999,0.016633845338819203
282,-0.006229681661140317,0.839341509893796,0.09447521966054788,0.03317098577189779,0.2965840903180984,0.3122824509797277,-9992.473156876516,-0.4057989485672151,0.12859988258578725,-0.2831230087939194
283,-0.005394368816229988,0.8430194595965683,0.09533110774570898,0.028479354946311073,0.295377438701795,0.3132479851003787,-9991.81584830289,-0.3657672960173222,0.12837847332372732,-0.1898088503513746
284,-0.0047564362878785285,0.8341044667844598,0.10784739311489329,0.023879689866301936,0.29976710610093465,0.31062312187583174,-9991.396678899979,-0.29568488705864,0.1301798496809699,-1.5790561964517806
285,-0.006649978859774908,0.813662324631057,0.13007154979962926,0.022122104398174757,0.3073095750462898,0.3096973816473459,-9994.436466590958,-0.9403958753125405,0.13346862524432154,-1.1808472856527479
286,-0.0073284940110040575,0.7568432386913175,0.19006723129498104,0.01570974411113952,0.3319275817141819,0.2907709079467243,-9992.960986935585,-0.9608235767520096,0.14309647927452251,-1.0766976755378619
287,-0.006469510618221881,0.6998504207309815,0.2576947090363335,0.0020407490903361697,0.3567798704590319,0.2680834414188609,-9989.437601355528,-0.9341810486822687,0.1539867441832983,-0.971895235129343
288,-0.006555701092301189,0.6623594492485422,0.29748267267304795,-0.0029982601063106157,0.3740775349170536,0.25044771160924273,-9988.396897814557,-0.9280562448048844,0.16238817564733038,-0.821967964400974
289,0.0038700821852224706,0.6396661633593792,0.31950489889251676,-0.005345085863495481,0.39456642278523424,0.2256285254434401,-9986.683276455702,-0.8882897946128706,0.17391928714140406,-1.0721311009225605
290,-0.0058975315226044945,0.6533000900895023,0.3068920909537044,-0.004811078777702986,0.38446637941300094,0.23730059738648768,-9986.646595284286,-0.9823210990981025,0.1681441866727722,-0.7240944452695377
291,-0.0062035520848331485,0.7012895665181118,0.2604043813271588,-0.004310926484864839,0.35522989039021,0.26599627896411027,-9986.176935781898,-0.8150619458352261,0.1526598597955744,-1.7670558010890403
292,-0.008086007977694487,0.7197443552359593,0.24391026587001172,-0.004191309641865383,0.34423094014707456,0.27769607602227786,-9988.051498428149,-1.2786096395928312,0.14759753686085197,0.02742729140879971
293,-0.006410839811699784,0.701924264424334,0.26107382281252367,-0.007174901701307381,0.35014912085464267,0.2778480492915792,-9991.7936702789,-0.5481767875988133,0.15081010797649586,-1.2132548057942822
294,-0.007578646485439643,0.7331546356527379,0.23102508493028173,-0.005704733284649301,0.3313284488650923,0.29506271571884335,-9993.269158257126,-0.9270057621716352,0.14201712194210253,-1.0449672769367915
295,-0.007579053028475084,0.8056041621622952,0.1576395093171589,-0.0006749219825756039,0.2966079150197175,0.3191062260490706,-9993.710897065734,-0.9474657931730064,0.12758323077020398,-1.4536170681083656
296,-0.006856433913818074,1.0053666926732103,-0.039749990028031895,0.009117826842947308,0.19707738440773848,0.3694899063878834,-9994.166121717539,-1.1224396598327626,0.09366972622909643,-0.6834225524034374
297,-0.009586376382577437,0.8406604953381192,0.11413233757665506,0.008573109190414499,0.272656729081038,0.3285650777210593,-9990.384010959202,-0.8883063900612282,0.1161978151943662,-0.6418001280173903
298,-0.008775420899331839,0.8390544973964846,0.11643295105002288,0.007547480223701474,0.2767226632401493,0.3259516825860851,-9989.66034944623,-0.764867656866914,0.11826962501387286,-0.6524004976755403
299,-0.007535029269852776,0.9442347685727441,0.01186672871084862,0.013249963705072237,0.22818346179679533,0.35112361674936,-9989.763428025344,-0.7076377719223612,0.10222386522613158,-0.4186443095179057
300,-0.007532896110631678,0.9637810352743933,-0.010858819202141634,0.01705609843738389,0.21849140802780703,0.3553717707374827,-9989.750789539108,-0.5722058182974357,0.09899465677918466,-0.9829924015982366
301,-0.008476291757892138,0.9426469374952544,0.007452261348800334,0.01892086871224942,0.22723995731659186,0.351794135879837,-9989.95758705546,-0.7457748112837262,0.10137127985521946,-0.05983872171683447
302,-0.00914430375423594,0.8832453506917763,0.06098166365386413,0.019864991898475196,0.2534331696611552,0.3388352500698968,-9990.089972877944,-0.43307361678992634,0.10929100851320618,-0.7820274971114303
303,-0.009684586727670513,0.8455989103518142,0.09954582943143532,0.01763614208993388,0.26818208314666525,0.33124990688871725,-9989.303829253224,-0.6006627088509244,0.11393302568735086,-1.1994719782565686
304,-0.009940412825175441,0.8217507079916343,0.12365916852411515,0.017619116435740434,0.28119450729133255,0.3238015353374071,-9988.387955406852,-0.8624819843499684,0.11904506896107817,-1.1777991004750346
305,-0.0105911625924739,0.8010160030646857,0.14078613772516874,0.02067502120880447,0.2924787656274827,0.3168614546824748,-9988.267727049304,-0.9674408626908494,0.12351628993763368,-0.4081830749358493
306,-0.009240924386260214,0.813571464936825,0.1272884645791766,0.022039020261406528,0.2894910438857893,0.3193612562285017,-9988.409574993582,-0.6673087110920514,0.12297043032522167,-0.6633965559407905
307,-0.008913473459899016,0.8699524178177533,0.0704480934610172,0.026118907321157105,0.26211805920390907,0.3348603403482887,-9988.376989436736,-0.6762714703289303,0.11277400604431964,-1.3204072434974816
308,-0.010369870561077514,0.8640597221236151,0.07174233161421942,0.031226962636019574,0.2630118780289813,0.33440699197332974,-9988.584041676751,-0.9643521081101347,0.11258747187991791,-1.5172505991601117
309,-0.011182572520425375,0.84086726938571,0.09144343408010897,0.03450243340146403,0.2762253060719204,0.3273039312840579,-9988.828459331242,-1.1837212791673357,0.11773273233024648,-0.2297515624584978
310,-0.010438786965491243,0.8275761620346225,0.10249957189505077,0.03491257219601283,0.27948297687081836,0.3279970516374039,-9990.456582929919,-0.6956669072864162,0.1187346503675776,-0.5038419233360133
311,-0.011013808992216642,0.7834326687599011,0.1411604149987713,0.0376460216526142,0.3001615244922104,0.31488015649787693,-9989.976765058049,-0.6224850354143064,0.12652356656780672,-1.0472241108321358
312,-0.011441720240938282,0.7422359278388152,0.17948919236964805,0.03926755064495731,0.32142171522616225,0.3003608162963961,-9989.252831013342,-0.8530180789573217,0.13564906631032786,-1.653769244984193
313,-0.013020700290969665,0.7199113296172319,0.19690560387787015,0.04420264536037595,0.33425646624493055,0.29169509229744484,-9990.47193283957,-1.1998121894678748,0.14174659305499743,-1.3524106993375657
314,-0.01346034247852134,0.6944413565254006,0.21798669889580713,0.047526912906579094,0.3487133730204236,0.2796362546855389,-9990.188852419025,-1.1586391875640722,0.1486976757497705,-1.7542756385822822
315,-0.01371854731364925,0.7226265598954811,0.19128956625898946,0.048880097337840864,0.3363538464720246,0.29069333075815074,-9990.9067725949,-1.3851330549277194,0.14324172977694893,-0.7612928396041588
316,-0.013592114502946274,0.7258996470952861,0.18416152613499914,0.05162500827334972,0.331618248334172,0.2947557267173533,-9991.271010528597,-1.020091034932572,0.14061958031316918,-1.2149203034528402
317,-0.013705022192481785,0.6990184572952345,0.21016962419609841,0.051462428867164026,0.3456017173238929,0.28358605649335245,-9990.632793724759,-1.1325473680580387,0.14723430207487562,-1.5668933927125621
318,-0.014484961627912556,0.7036709374169079,0.20656184347923034,0.051401869320836055,0.3419868852393666,0.2865867705165205,-9990.721310660656,-1.3133990675599956,0.14536020392802446,-1.8556067413332975
319,-0.015393182670991094,0.6779437823662906,0.2321539489861098,0.0514318406570137,0.3547771682040088,0.27588258118563547,-9990.686493032119,-1.503497533002833,0.15158754095228472,-1.4338377100865374
320,-0.01509121247608141,0.6575058794405382,0.2550863827275379,0.04767544879112863,0.3626494508764541,0.26864448252843887,-9989.81600984032,-1.3630673610355035,0.15531218750861217,-1.4856311624947365
321,-0.015394226452061462,0.6131114384710195,0.3032258859140172,0.041504258236342774,0.3825016743810871,0.2469713082351075,-9988.311711044511,-1.3941513112626878,0.16546939088979895,-1.4279199701184495
322,-0.015419663043674106,0.5964145020249304,0.3240774377168236,0.036062357322099864,0.38813897291549015,0.23981025036941322,-9987.415891473513,-1.3978831563357497,0.1683224220538248,-1.1976051244335542
323,-0.015328809919327262,0.5819097915633384,0.34073880719299776,0.031939193803594154,0.39307986362898784,0.23328136739405553,-9986.765206260803,-1.287058545181676,0.17089246404233407,-2.2361450090984705
324,-0.014774366058640737,0.5756613636290846,0.3478076374985868,0.03207504615856038,0.4065880997806072,0.21183342820447226,-9984.731963676724,-1.7245330438272388,0.1791380860260263,-2.033780099240722
325,-0.016552644162353726,0.5812383870341826,0.343695703837266,0.03265944392818983,0.40074475848537916,0.21546060511082288,-9981.91939670858,-1.7427277283344684,0.17498810787006175,-2.8314769494622456
326,-0.017572881993159623,0.6002999610763036,0.3325030011647599,0.029070905920017563,0.3940293842639574,0.22773136816069647,-9984.571790032885,-2.184998256680816,0.17183830073719297,-2.887757322512696
327,-0.018272483941141338,0.6087851238441173,0.3278642721102041,0.02763127869386007,0.3946473943427652,0.22796140014090516,-9985.727752240158,-2.3906654772727998,0.17275007878666193,-2.42277925182313
328,-0.018519730936671683,0.6107535680854135,0.32692809951540724,0.026513791531856727,0.39339964859688936,0.2294028286167074,-9985.7444678228,-2.31175531309733,0.1720246862041175,-2.5142488895608888
329,-0.018835536082932335,0.6112072568984939,0.3286552319539551,0.02484367664057191,0.3933857186523022,0.22954761569350302,-9985.915228998037,-2.3782511510726634,0.17207555375647,-2.7827223100434786
330,-0.01945689934367592,0.6158160435744255,0.32775347526067466,0.022695545080645127,0.3910542815729752,0.23258246892043336,-9986.289147817653,-2.556242631773798,0.17084018350370567,-3.139853945755193
331,-0.020099496311642342,0.6044477195855711,0.3428939959728743,0.020438353400366226,0.40026327714939947,0.22189756884959244,-9987.046274179149,-2.77511368062738,0.17646675216626057,-2.287929601266889
332,-0.02012272246154829,0.6184868388812141,0.3268761459775731,0.020806401322944007,0.38929399725796976,0.2358608474309638,-9987.349753544217,-2.4118656635151408,0.17000297413284793,-2.098277933851558
333,-0.020891423596059465,0.6051023589542526,0.33520354243149997,0.02346313100997377,0.39753163497296506,0.22546052910451558,-9987.493161191514,-2.256759578732666,0.17464892211776706,-1.7388785521805703
334,-0.02045483280575279,0.6034151276092654,0.3314876612368468,0.026061337639466456,0.40303617662159597,0.21950498081623826,-9988.331380277568,-2.0203236149170163,0.17825634442682378,-1.625491555362336
335,-0.019639730080501155,0.6529914069729172,0.2827986182656501,0.02583043251503104,0.3770113500126171,0.2502552877300894,-9988.658729510491,-1.8433868522555497,0.16382338469832186,-1.6259508892685663
336,-0.019792315489345055,0.6519114696854647,0.2858786261067355,0.02226814063751132,0.37646162085270485,0.24989908312853684,-9988.166331068853,-1.7300217675927994,0.16331764611608454,-1.368974483886835
337,-0.020541597302853213,0.6575710888560631,0.2798008603210737,0.02088849322551608,0.37079005677751664,0.25383101880402126,-9987.490691287505,-1.534728938020482,0.159786740169857,-0.7164409746532466
338,-0.02049623019398707,0.625898908265836,0.30927056101233774,0.016647385343093454,0.39156704893472755,0.23221220568254752,-9988.204913845035,-1.118439568326281,0.1715332923391016,-1.0542338590469404
339,-0.018777619625925265,0.6216364267371373,0.30211027904435295,0.026469397496247403,0.41619446399720905,0.19185997554207135,-9984.857866364777,-1.1444686758258868,0.18633313020377032,-1.4030981411367593
340,-0.0202893512307109,0.7264982976098358,0.20217992551288333,0.029539743328113682,0.347818325274586,0.25207334204011367,-9971.112993798266,-1.296274154621552,0.14606330096913253,-2.2637455486302045
341,-0.02114243387293048,0.7201037098055747,0.20354724267256263,0.03808417374162862,0.35454309253115035,0.2482437076560795,-9973.156601444383,-1.784242517250464,0.1499799200684428,-1.6626737818730941
342,-0.02136178017803561,0.7354071087587849,0.18917612065237394,0.037162014809403635,0.34318905816330103,0.2577947802708185,-9972.52344435302,-1.611833877935256,0.1440774194472847,-1.6309159939201052
343,-0.021874675870123303,0.7019238813658104,0.2253345442630464,0.03237623255315197,0.35732374219691077,0.2439391569814539,-9971.333078648024,-1.5794035594842435,0.15043007334416478,-1.6332576891815276
344,-0.022226361727044716,0.6680078294706676,0.26199575929792573,0.02750029760603816,0.37301229227883786,0.22661494934408208,-9969.989528686228,-1.6044545352682371,0.15811025954324842,-1.3591634552913208
345,-0.02220947329963257,0.6531492888627756,0.2793926615617236,0.02237581336672302,0.3799245708574195,0.21858757264799528,-9969.516263055613,-1.474914880515382,0.16171562879259363,-0.8286182771945405
346,-0.021732734759013474,0.6478668577394802,0.2873617909326711,0.015714414092368848,0.38463226478810525,0.2140983083369755,-9970.149711244327,-1.1245973433561967,0.16459391892742772,-1.3897937889814844
347,-0.02209689430894055,0.6487766418498645,0.2868021937084609,0.016123946018650023,0.3834007000440018,0.21605098989622512,-9970.378345068799,-1.314586221787371,0.16392901135414822,-1.71617382907792
348,-0.023014634754721992,0.6476461335709763,0.286080658781778,0.01909032992003582,0.38409024931044755,0.215154336537296,-9970.670107056461,-1.495999661592397,0.16428690280749914,-0.8844177768266374
349,-0.022753055366041438,0.6452540327773995,0.2915878868678645,0.012698323397718626,0.38487583220806604,0.21585382049735308,-9971.584294848159,-1.0859676777620355,0.1649245833629412,-1.0845590456879874
350,-0.022939077654702045,0.6473208628478977,0.29025505082734804,0.011544799638552157,0.3840662665768608,0.21693918660083666,-9971.65241663657,-1.1039478661240445,0.16452495010993523,-1.4486108621070763
351,-0.02370324633734252,0.6480751627393317,0.2892785613948163,0.012540520945185337,0.38275601430282813,0.21857184746680972,-9971.83663745103,-1.3015485316930908,0.16374720708483964,-0.4317041834058203
352,-0.02339184144728764,0.6607733922820574,0.2803381572911555,0.00601618234254782,0.3743755781559641,0.23075269793595582,-9973.61479274894,-0.803835880868514,0.15950810139405444,-1.1953730484550478
353,-0.02386044768618329,0.6524313614049648,0.2881971841844159,0.0065232410211135865,0.37943759527351684,0.2258361250898551,-9973.962325580378,-1.0477192890549687,0.16235925809653953,-1.7167891638476704
354,-0.02458552114554264,0.6573817118893013,0.2808486113704548,0.010752710045921543,0.379406922371359,0.22749645371131133,-9975.383966214582,-1.3658191813097826,0.16275638373497991,-2.0043732536342
355,-0.02564640864152775,0.6923194305082251,0.24413445274771742,0.015854143807179956,0.36171607284538476,0.24447016691342197,-9975.030639330822,-1.6113044413169495,0.15337537570625687,-0.9556739572318294
356,-0.025695752099136125,0.66826133960091,0.26871082966382137,0.011288828347776732,0.3739242578823645,0.2332229033391388,-9975.591057009717,-1.144544757991845,0.15980946377971955,-1.0709068562539255
357,-0.02606009102368346,0.6808177523826007,0.2560856261514145,0.011320658591728709,0.36633665140582644,0.2408090949103754,-9975.502510010143,-1.1464836758416816,0.15572701849327117,-1.629563081941427
358,-0.02711667382827851,0.6596567780288218,0.2765186850347139,0.01124831584578883,0.37899155685859026,0.227536802446263,-9975.75882912123,-1.4324565044555764,0.1625199733130633,-1.8566380481787308
359,-0.02793532442039704,0.6640975040033998,0.27155815807304995,0.012585771359636993,0.3773882983204264,0.22952327413409263,-9976.218306453547,-1.5917747616545372,0.16175085135287587,-1.335909427366972
360,-0.028391605494925292,0.661229043472477,0.2743838747967728,0.010935420092840407,0.3777172896544004,0.22922168842588975,-9976.27110220995,-1.3492670834131042,0.16183093506957205,-0.7904523279895489
361,-0.02906047422975,0.6375484089734234,0.29466434422102616,0.01003170880408685,0.3938806887453719,0.21039987793744067,-9976.90339196084,-1.0419602557251457,0.17099270212782408,-1.3906403673387082
362,-0.029508009470632535,0.6575321355765698,0.27578956088165985,0.010818374702036112,0.3804648735241669,0.22690123900112436,-9977.163860334396,-1.2885239875827446,0.16345064598707948,-2.077897070988958
363,-0.031302536189957375,0.6297608109957782,0.30004935910518615,0.01372699712219137,0.4000009458781626,0.20392156257547278,-9978.50891597145,-1.6739258550680374,0.17478339263605108,-1.6411063352611663
364,-0.03126920882085349,0.6469946141683354,0.2834339319473613,0.013720384028798844,0.38966377222643717,0.21758688690009476,-9978.678492238221,-1.51478987057274,0.16893708228999113,-1.1598714695245531
365,-0.03203533143078967,0.6450863477666748,0.2835867054391187,0.013470018804465836,0.38939999818121773,0.2174617689812286,-9978.76561008765,-1.2634852780405326,0.16861569506311958,-1.8253622289947609
366,-0.03269444685295638,0.6367246669323454,0.29224200526601285,0.013599677234445441,0.3952981328961662,0.2113763212726099,-9979.288850272365,-1.594489903039319,0.17219346084572318,-1.9046658702696104
367,-0.033541963433086325,0.6406920555821537,0.2879311342138219,0.014422304851770009,0.39299526660765205,0.2138954746201652,-9979.408314446478,-1.705000803527443,0.17082980391388594,-2.7094551525845034
368,-0.03511331980973477,0.6214423227300314,0.3060457787240306,0.016504758939121435,0.40996273944863115,0.19352957837463206,-9981.61122829921,-2.1448118560559934,0.18135681194833403,-0.4860874837567233
369,-0.03509765857955281,0.6315564079250038,0.2918818347296331,0.015477036438588604,0.3972172688521286,0.2208769600023056,-9987.77933633993,-1.1162459193265046,0.17470608099962442,0.04137345012066176
370,-0.03762145330619701,0.5745399236772226,0.33057458206226353,0.023157425612550988,0.4497926252596681,0.13479021421208273,-9990.284408465868,-0.6570262921165388,0.20841829489728972,-0.06927096550865258
371,-0.0360095106329756,0.6273800611324438,0.2813101859781986,0.021791379409625326,0.421042528698314,0.19100084651559632,-9991.15107822274,-0.5168310179783682,0.19040959731416227,-1.2259662910028502
372,-0.03715968907793117,0.6346775982104913,0.2732095090264748,0.024870626275052148,0.4107200545144394,0.20669670269518492,-9991.851062531237,-0.9981660495895356,0.1839404786845485,-1.4894270712913076
373,-0.039415101317249096,0.587943028792085,0.313459663933754,0.027879454060630932,0.44052061988011115,0.1557614455805878,-9990.664582516092,-1.084958431958385,0.20230422943450357,-0.4303372323472879
374,-0.041183846685924966,0.546157711092103,0.350489599548209,0.02575864774659263,0.4675828827265922,0.08097986599373387,-9990.819764716434,-0.5664226335323986,0.22074667501548745,-0.7635769259988785
375,-0.041674325419468194,0.5498319006595689,0.3466152410251526,0.02641325007626965,0.4633707724812714,0.09676770382998506,-9990.659189469847,-0.7753845856121535,0.21773189763503398,-1.4147658382337132
376,-0.04340684250251148,0.5324910326781355,0.3562078447721513,0.03371033027853464,0.47729903254775813,-4.4079213087311046e-07,-9991.147500643112,-1.1902318358720745,0.22781436647108713,-0.4759402545863835
377,-0.042886629449814584,0.5486136985148685,0.34336708673758526,0.029438363129052278,0.4637124335616105,-0.10207698018535949,-9992.610317260065,-0.7077554534889637,0.21835873126615327,-0.39662204747821417
378,-0.04347411221229515,0.5397924471930615,0.3478206924789816,0.03125278537545329,0.4731930361450828,-0.06407464743072516,-9992.822321462778,-0.5706932196922765,0.22521528843270705,-0.7195017001029811
379,-0.0437446022581726,0.5473598497384679,0.3396169068463887,0.03266067672697341,0.468139901091133,0.08804826163170316,-9993.026745470741,-0.7360561337268592,0.22163877251572411,-0.519196589406582
380,-0.04196172800462858,0.6039168626322697,0.292786977932496,0.02791760085977387,0.42640825189244747,0.18496446413663192,-9992.624781701932,-0.6242955188499146,0.19346696457384105,-0.23119630160022786
381,-0.0436965635465332,0.5526617126661426,0.3377042221078153,0.027886013581823056,0.458652811366867,-0.11143791254513369,-9990.049925989766,-0.39792940466749693,0.21434302656472223,-0.7528772976900118
382,-0.04478151874156413,0.5412104146274128,0.3433662268489883,0.03279383721611073,0.466781810725063,-0.08375467405518144,-9989.919170489704,-0.6466767289313189,0.22009647405078092,-0.15825912828884486
383,-0.04454520142347744,0.5465332486460328,0.33947230177789306,0.03050462282757331,0.46298407692343563,0.10069325849648401,-9990.671032858907,-0.3648433903463695,0.21756727245903162,0.3085706260929327
384,-0.04473678118866974,0.5364086135412592,0.34724009405699763,0.029520455473603924,0.4748823324316195,0.05027810567590417,-9991.542140416297,-0.05982047090997771,0.22631052884106875,0.5749209183181693
385,-0.043140715484902725,0.5782948890350376,0.3149757029232127,0.02297811248058492,0.4474644109110076,-0.14540931010759822,-9992.210547028892,0.166170503876992,0.20728349598734655,-0.21914901012752863
386,-0.04465288065286984,0.565046455256258,0.3247638408322009,0.02507677193551669,0.45207099374543025,-0.1340828023179531,-9991.68690842737,-0.18109265997818888,0.21021493614192607,-0.4720444286609766
387,-0.046565659979556404,0.5378432431017213,0.34316782609989827,0.030078987339312253,0.47285976332355634,-0.0590507846142973,-9990.645090383026,-0.2834163125746841,0.22469559936097774,-1.4637480834434657
388,-0.04829098942752755,0.5536370681842943,0.32216301013372456,0.03707890853546315,0.4674485256235642,-0.09685785543376725,-9993.718251442197,-0.8523509798247596,0.22153292782917805,-1.2824184377240149
389,-0.04911997058048443,0.5646268569956939,0.3101527452032848,0.03878301406656058,0.46291329504024903,0.11249565065944955,-9994.093999848206,-0.9105399261685359,0.21844740981003857,-0.9210318205946781
390,-0.0496114304857217,0.567021125158293,0.3084091312499796,0.03779687510456762,0.4598935854551789,0.12060199267075238,-9993.876987558435,-0.8501607198732462,0.2162832405215506,-1.2003630872010134
391,-0.05111735645435171,0.5546748349155111,0.31919241213027794,0.037366215517202345,0.46881969981663363,0.09171824008467895,-9993.392565612454,-1.0557841952692908,0.22251826085988752,-1.4316292149556065
392,-0.052417202182550596,0.5530821544168392,0.32153016520221434,0.035955365624481136,0.4706087197100972,-0.0854723960808473,-9993.620631083922,-1.2439930400526487,0.22383931699193252,-1.9225521241920724
393,-0.05442372027484284,0.5463289854083351,0.3299306313833458,0.0334033304608785,0.47718431851459336,-0.05616024636196959,-9994.349566912735,-1.5178158330705842,0.22872197271676076,-1.4774891790542715
394,-0.05500729559191074,0.5435510445530882,0.3327068047694638,0.03237612522875025,0.47800887460434827,0.04922206596876404,-9994.031818854171,-1.332158815173058,0.22926947507032705,-1.539074308829811
395,-0.05573665016352518,0.541815984909991,0.3360339961516575,0.030170042918661537,0.4790128578112688,-0.04148882206485112,-9993.848312353797,-1.4117661073740693,0.23000431088908999,-1.695611965531789
396,-0.056657085075358535,0.5391030707179261,0.3403286831981024,0.02795990149472421,0.48150836079225534,2.510762400238167e-07,-9993.832104333038,-1.5294268136861804,0.2318503015128649,-1.4741395736537728
397,-0.05708445324961254,0.5399816971392836,0.33899791832511617,0.02787482205352621,0.4808415290436249,-0.022223757125177546,-9993.901746285006,-1.4329616680029245,0.23136655289734023,-1.5145811172112156
398,-0.05762216243371662,0.5412307936357781,0.3390280911179061,0.026321173851452866,0.4795170700072068,-0.0372917486329718,-9993.85812099852,-1.418871863377835,0.23038205323244446,-1.602322129773039
399,-0.05827375177260148,0.5387024872246555,0.3429646628491641,0.02421451865955298,0.4813664680189689,-2.2002323265525474e-07,-9993.568853589784,-1.4725487986029926,0.23171367653307245,-1.6173025326447055
400,-0.05924535026520855,0.5396074123802037,0.3427192293619182,0.023400218910516274,0.48044385003244605,-0.021250546001401135,-9993.620157498686,-1.4888884126536825,0.23097085425656455,-0.462760884558395
401,-0.059057999037628664,0.5379266007061175,0.3375300870674548,0.026964714996863568,0.4833544858071379,-7.381149791523911e-08,-9995.768077350103,-0.8547109207830752,0.2336315589498844,-1.4017005980780723
402,-0.05992868551337996,0.5348193136010426,0.34212673781763225,0.026092872440206995,0.48417393975490586,3.911081226723764e-07,-9996.610134604476,-1.277663299879048,0.23442440393783545,-1.2269683535765732
403,-0.059967848450419386,0.5462331734787729,0.33245494484991367,0.025397229182326383,0.4753474380978374,0.0778619834877333,-9996.624112816622,-1.1781156698236919,0.227894027291674,-1.0026350704742741
404,-0.059929139738034556,0.5562971042607507,0.3231562026292407,0.024976246153233544,0.46784075904690164,-0.10617227411247343,-9996.7809523866,-1.028536015389628,0.22252140932332232,-0.9017097208720849
405,-0.06054301516066771,0.5549394806074406,0.3241144225501532,0.02435765226580664,0.4674453597132169,0.10644075894499525,-9996.476743761956,-0.9260830170071218,0.22215458546255365,-1.0220886098275948
406,-0.061768993576909986,0.5428350657748601,0.3329131087238245,0.025651910300248923,0.47609803198112816,0.07118025586987439,-9995.815486921998,-1.0218594292148848,0.22827678953253386,-1.3557173240573595
407,-0.06245532960502632,0.5453042141146588,0.33015531373170104,0.026681498152427305,0.4742639582916905,0.08039042727661712,-9996.14083785239,-1.1744541595839264,0.22698142838619287,-0.903861621773856
408,-0.06344772600817122,0.5372936054340215,0.3362066294289792,0.025828394698872187,0.4801420807402691,-0.04780845386453437,-9995.88069109334,-0.9448013387100753,0.23125574418291636,-1.5688087252999947
409,-0.06320076534920802,0.5478606489738598,0.32763645855642987,0.026991647926504186,0.4724948083481313,-0.09135142345940772,-9996.80946551966,-1.2916004640910368,0.22590820427305697,-1.8904286816710978
410,-0.06390919907057288,0.5490160183113555,0.3263837903022375,0.02856936092252046,0.4731029918254245,-0.09022012449568859,-9997.325384453838,-1.524705436446854,0.22642808043410234,-2.1351218766520446
411,-0.0648985764383635,0.5404127292979833,0.3324328706525092,0.03142284507412274,0.4824790145889527,0.04201688324309667,-9997.485171326962,-1.7329190769111658,0.2333473456278581,-1.8986863242885463
412,-0.06526123098603304,0.544724927764247,0.3286997164114351,0.03145038046716479,0.4797890060370109,0.06076904248654035,-9997.642454052773,-1.6740064807568487,0.23137932586318535,-1.7897228565323158
413,-0.06551171241518566,0.5403623166726843,0.3317306498753205,0.03207720115218006,0.4848810855311828,2.0190653753690904e-07,-9997.16951481391,-1.6965822336408234,0.23510966710591125,-1.4156957983439589
414,-0.06563250396243692,0.55344560060435,0.31956477114182125,0.031159524699636138,0.4753537614052239,0.08141062185268996,-9997.272298235957,-1.5086638931800969,0.2281142176977852,-1.9980599079986836
415,-0.06549427678113699,0.559731502822702,0.31743972405068865,0.029633576055677284,0.46901361610048753,-0.10547990156266679,-9997.651133621339,-1.7840660238268247,0.22360554247503883,-2.4365253349003324
416,-0.06636106721764551,0.5452906788549656,0.33154525001172774,0.030514941791102472,0.48032716569523115,-0.058913560002454485,-9997.73471356307,-2.0206386763001998,0.23182951215169723,-1.3524499938792078
417,-0.06783033132664681,0.53613874178707,0.33600886727259355,0.03025207792138649,0.4858900605721155,1.2814395572133523e-06,-9998.147740436822,-1.476837913184137,0.2360891509632925,-1.0865221498279762
418,-0.06887059551850483,0.5381842829554854,0.3313379135598172,0.03065906199300049,0.48609617018407414,1.6051164159485467e-07,-9998.564288003685,-1.293120186264491,0.23628948666763253,-0.5224396023472732
419,-0.06996447986041152,0.5432270723684914,0.32493995039699103,0.028321454566943974,0.4849945223710265,-0.037804795655273976,-9999.608816671225,-0.9536347668194616,0.2356771740136701,-0.2879599550575762
420,-0.07068947152281944,0.5447492969547418,0.32190449545060046,0.02627598338961904,0.48757125209935637,5.960024214098423e-07,-9999.918328167256,-0.699355236879544,0.23772572587384874,-0.19447382379414327
421,-0.07114938783200525,0.5498630441008483,0.31721542276956327,0.023931923439950535,0.4865567814433761,0.03275495345235637,-10000.442873388685,-0.4725515111271918,0.23708772443980392,-1.2938589422111622
422,-0.07119239299503005,0.5464942730377915,0.3168186763350326,0.029619607762976508,0.48927287789758767,-5.14582933965421e-07,-10001.33243968139,-0.9870723989136858,0.23938794904627347,-1.7599457645889316
423,-0.07175520039887488,0.5527595291307172,0.3068627041720611,0.036355148534569504,0.48870007121272374,0.028148346366282495,-10002.29128361806,-1.2742245380349655,0.2390879085583006,-0.771673785431699
424,-0.0730624800507151,0.5475713455670259,0.31286617629161595,0.032624436565119125,0.4897074987025237,0.016613178963544382,-10002.837611291832,-0.8195393517227574,0.23990288155164777,-0.5197025792759732
425,-0.07358441341318919,0.5472564366916963,0.31291138714886857,0.03131140426432276,0.4902529852052524,5.045671781886166e-05,-10002.889343811315,-0.7158766664185728,0.240347990327592,-0.7053387142129026
426,-0.07397919021403826,0.5480768024669331,0.3108530109688585,0.03213810405025164,0.49041820212403625,4.133631358331665e-07,-10002.998663336835,-0.8412648968601455,0.24051001297462754,-0.857147083805234
427,-0.07474522192309221,0.5489381411845002,0.308326048618115,0.03347309330284478,0.4903437916111485,2.871013133523681e-07,-10003.191833945062,-0.8804222923576139,0.24043703397162422,-0.373422106667498
428,-0.07497910086171161,0.5534756612562564,0.3054534433430873,0.03033331330277346,0.4873945641253685,-0.04962402919530423,-10003.672960306645,-0.5452267440712597,0.2383590592611516,-1.1990222717915946
429,-0.07453109267797567,0.5643540955754722,0.29585252623470054,0.032459095656059964,0.47720092532726643,0.10088643882829233,-10004.361506644831,-0.9649276422272134,0.23107229445961142,-0.9545509272723454
430,-0.07541679822653641,0.5574585173947135,0.30338257517508804,0.030624542662871686,0.4785086297061804,0.09390826744519866,-10003.555612397424,-0.8866613413770374,0.2318316140911134,-0.9389702079343352
431,-0.07675083664430327,0.5421452167544243,0.31496043167601645,0.03157582764738566,0.4894548731708219,1.6858508765133743e-06,-10001.610498600841,-0.8932484713435789,0.23956607287157136,-0.8572418473504941
432,-0.07739353733555104,0.5422215288113765,0.3143262629222301,0.03166767387505591,0.48938165330838057,0.00035339113223990543,-10001.699646555002,-0.8537356014190942,0.23949444240369214,-1.1663147923235488
433,-0.07774176409541814,0.5423268766844719,0.3134111427199001,0.03298655810493789,0.48963978739781383,-2.470008218965052e-07,-10001.875661978902,-1.0571211634713842,0.23974712140299578,-1.1223604461216754
434,-0.07782761869968624,0.5432133438446066,0.3124136682736734,0.033049080183674306,0.4896614589739863,4.701041338427597e-07,-10001.770874375206,-1.0295354678791206,0.23976834440460346,-0.7752031207601285
435,-0.07816955212217286,0.5522646940914377,0.30428837533176517,0.032474271372348706,0.48324081612402986,-0.06295885039118083,-10001.488580427907,-0.8527865239935088,0.23480612014251534,-1.3856425855717276
436,-0.07910862252034467,0.5449776290936097,0.3111556661536623,0.03263841313211563,0.48703472605632603,-0.035961038143189863,-10001.087523836719,-1.1709777881820136,0.23761658605495714,-1.3542678837644806
437,-0.0793286061048215,0.5442428250197138,0.31192168969354306,0.03228629674012587,0.4886891359279215,-7.772018955108649e-07,-10000.67782988642,-1.1939530866675023,0.2388170715741722,-0.5341995735494515
438,-0.07979313746063232,0.5443754840401629,0.3098568904280332,0.032690954206772746,0.48868000458116523,0.017013379423016138,-10001.443268172716,-0.7587454171982939,0.23890080631077906,-0.3779223206400539
439,-0.08001997654724377,0.5444164522054997,0.3091461065898188,0.032204267081907434,0.4891814025382391,3.9260068225693267e-07,-10001.545523540497,-0.6264029714678214,0.2392984445893281,-0.6606123954175895
440,-0.08012938448284616,0.5446503616623143,0.30897261668999637,0.03172919300735211,0.48913674680886554,7.441233674791089e-07,-10001.19584285143,-0.7487158159564027,0.23925475707893773,-0.8957428357911333
441,-0.08058489201578306,0.5447152040400036,0.30881169631133876,0.03170785537253758,0.4892471761637313,1.1401847654641575e-08,-10001.290394405292,-0.8227639829427245,0.2393627993841852,-1.0798289335945936
442,-0.08148978883724595,0.5452688584202929,0.30787455186150525,0.03210098156068118,0.48923326523101973,-3.0882961838928684e-06,-10001.428140973545,-0.890927567042769,0.23934918781166759,-0.43458539482169856
443,-0.08186169787613645,0.5435215888090101,0.3098300591439569,0.030795708906878126,0.4893409067922887,-2.560362552981833e-07,-10001.810388426,-0.5815481380734586,0.2394545230603203,-1.2714875723177106
444,-0.08274763375642302,0.5416480449249312,0.3105327963182289,0.032421840657965884,0.4899459166480223,-0.009876055287366962,-10002.226796419527,-1.0395563297727288,0.24007796464130957,-0.3250038346608893
445,-0.08132482583565848,0.5456417930521362,0.30762410512998595,0.030963135050578565,0.487142990024598,0.05464073341518137,-10003.152524805948,-0.5723143734808518,0.23825895603310537,-0.6995178502519218
446,-0.08135995109006816,0.5537353231198612,0.3015821260075221,0.030312434289834565,0.4804228518356249,0.08629380314786644,-10002.889131548773,-0.7273338644614125,0.2332008071822609,-1.5049661916374346
447,-0.08354216494675903,0.5481787137118268,0.3046678747613927,0.03221151207022669,0.4855031448682283,-0.06794060138377905,-10004.125677786918,-1.1386895184903096,0.23718599386258263,-0.3624143773067639
