Date,RQ
19970408,6.64206E-05
19970409,0.000160914
19970410,0.000194318
19970411,0.001641837
19970414,0.000182626
19970415,0.001060551
19970416,0.000239479
19970417,0.000265946
19970418,0.000104949
19970421,0.001258725
19970422,0.000246017
19970423,0.000313618
19970424,0.000320899
19970425,0.000103626
19970428,0.000254586
19970429,6.71431E-05
19970430,0.000273855
19970501,0.000184451
19970502,0.000323792
19970505,0.000991953
19970506,0.00071818
19970507,0.000690754
19970508,0.00163914
19970509,0.001116096
19970512,0.000185925
19970513,0.000261097
19970514,0.000310695
19970515,0.000117274
19970516,0.000193557
19970519,8.79571E-05
19970520,0.002520809
19970521,0.000528764
19970522,0.000161732
19970523,9.36126E-05
19970527,0.000347857
19970528,0.0001443
19970529,6.21159E-05
19970530,0.000335541
19970602,0.000100409
19970603,0.000219019
19970604,0.000158254
19970605,6.37009E-05
19970606,0.000220175
19970609,5.75949E-05
19970610,0.000120946
19970611,4.4153E-05
19970612,0.000111793
19970613,0.000109774
19970616,3.51369E-05
19970617,0.00019179
19970618,0.000211859
19970619,8.377E-05
19970620,2.05252E-05
19970623,0.000901344
19970624,0.000431979
19970625,0.002482614
19970626,0.001784119
19970627,0.000522733
19970630,0.001186217
19970701,0.000593306
19970702,0.00051415
19970707,0.000466059
19970708,0.000110852
19970709,0.001613495
19970710,0.001199016
19970711,8.92892E-05
19970714,0.000132835
19970715,0.000283766
19970716,0.00014286
19970717,0.000251699
19970718,0.005746329
19970721,0.000260149
19970722,0.001613469
19970723,0.000354604
19970724,0.000689656
19970725,0.000154012
19970728,0.000166551
19970729,0.000130164
19970730,0.000136575
19970731,0.000192411
19970801,0.004176528
19970804,0.000143654
19970805,0.000128576
19970806,0.000124499
19970807,0.000345769
19970808,0.004009874
19970811,0.000367567
19970812,0.000266079
19970813,0.008352099
19970814,0.00094438
19970815,0.003648754
19970818,0.000950679
19970819,0.001062348
19970820,0.000127866
19970821,0.001090821
19970822,0.00320391
19970825,0.001027869
19970826,0.000852153
19970827,0.000737807
19970828,0.005672554
19970829,0.000749818
19970902,0.003383762
19970903,0.000319847
19970904,0.000235321
19970905,0.001009703
19970908,4.85842E-05
19970909,0.000351696
19970910,0.000765713
19970911,0.001210259
19970912,0.000381197
19970915,7.1427E-05
19970916,0.000203702
19970917,0.000118377
19970918,0.001229214
19970919,0.000211157
19970922,0.000244124
19970923,7.52105E-05
19970924,0.000820125
19970925,0.000407513
19970926,0.000110935
19970929,0.000153236
19970930,0.000419985
19971001,0.000423241
19971002,5.21248E-05
19971003,0.001498675
19971006,7.44947E-05
19971007,0.00014455
19971008,0.002194252
19971009,0.000234523
19971010,4.31607E-05
19971013,2.23435E-05
19971014,0.000136505
19971015,4.26158E-05
19971016,0.00127347
19971017,0.002425508
19971020,0.000161449
19971021,0.000207696
19971022,0.000130818
19971023,0.00100272
19971024,0.002915322
19971027,0.122331606
19971028,0.134035336
19971029,0.00442765
19971030,0.005955709
19971031,0.001792644
19971103,0.000106644
19971104,0.000214398
19971105,0.000568061
19971106,0.00017846
19971107,0.002862293
19971110,0.000271857
19971111,6.91967E-05
19971112,0.003213602
19971113,0.000736492
19971114,0.000501827
19971117,0.000172009
19971118,0.000115877
19971119,0.00021555
19971120,0.000113513
19971121,0.000122968
19971124,0.000243074
19971125,0.000180833
19971126,4.8541E-05
19971201,0.000102459
19971202,7.78916E-05
19971203,0.000153118
19971204,0.000240773
19971205,0.000567855
19971208,3.84871E-05
19971209,0.000146775
19971210,0.00013738
19971211,0.000456451
19971212,0.0002649
19971215,9.212E-05
19971216,9.87508E-05
19971217,0.000116009
19971218,0.000397593
19971219,0.002022668
19971222,0.000406796
19971223,0.000845428
19971229,0.000112033
19971230,9.5578E-05
19971231,5.3599E-05
19980102,9.88292E-05
19980105,0.000755439
19980106,0.0002593
19980107,0.000174785
19980108,0.000144367
19980109,0.002289237
19980112,0.004909699
19980113,0.000149794
19980114,0.000144945
19980115,7.7806E-05
19980116,0.000288418
19980120,5.68302E-05
19980121,0.00052831
19980122,0.000310535
19980123,0.000530765
19980126,8.8318E-05
19980127,0.00021878
19980128,0.000128791
19980129,0.000284083
19980130,0.00013193
19980202,6.13071E-05
19980203,4.55702E-05
19980204,0.000115008
19980205,0.000698518
19980206,0.000186515
19980209,4.59428E-05
19980210,8.77107E-05
19980211,2.68649E-05
19980212,0.000300659
19980213,2.91644E-05
19980217,0.000111374
19980218,4.49618E-05
19980219,6.87152E-05
19980220,0.000115653
19980223,5.91636E-05
19980224,0.000175377
19980225,0.000179807
19980226,4.52014E-05
19980227,8.27702E-05
19980302,0.000126569
19980303,3.4492E-05
19980304,7.30772E-05
19980305,8.0749E-05
19980306,3.92217E-05
19980309,4.80046E-05
19980310,3.71715E-05
19980311,1.85972E-05
19980312,6.23022E-05
19980313,0.000131612
19980316,2.29428E-05
19980317,2.96221E-05
19980318,1.79208E-05
19980319,1.08855E-05
19980320,1.63163E-05
19980323,2.42599E-05
19980324,2.59147E-05
19980325,0.00051853
19980326,5.65769E-05
19980327,0.000466218
19980330,6.74336E-05
19980331,0.00026842
19980401,0.000120472
19980402,4.6587E-05
19980403,0.000163829
19980406,0.000141777
19980407,0.000375249
19980408,0.00030177
19980409,6.32484E-05
19980413,0.000206672
19980414,4.73377E-05
19980415,5.28523E-05
19980416,0.000315298
19980417,3.07983E-05
19980420,3.30975E-05
19980421,0.000200532
19980422,6.40386E-05
19980423,6.4096E-05
19980424,0.000151318
19980427,0.001747667
19980428,0.000151957
19980429,0.000179575
19980430,7.37534E-05
19980501,0.000117085
19980504,0.000112486
19980505,0.000340793
19980506,0.000187321
19980507,4.04313E-05
19980508,0.000397841
19980511,5.04713E-05
19980512,0.000118644
19980513,0.000260748
19980514,9.8919E-05
19980515,6.01889E-05
19980518,0.00022459
19980519,0.000366408
19980520,9.41495E-05
19980521,8.9478E-05
19980522,4.43979E-05
19980526,0.000510219
19980527,0.00154563
19980528,0.000146513
19980529,0.000116474
19980601,0.000402946
19980602,0.000464162
19980603,0.000511007
19980604,0.000148306
19980605,0.000220849
19980608,7.52528E-05
19980609,4.19621E-05
19980610,0.000906307
19980611,0.000601721
19980612,0.000961727
19980615,0.000511316
19980616,0.00098058
19980617,0.00022094
19980618,8.37293E-05
19980619,0.000126953
19980622,5.91465E-05
19980623,3.52833E-05
19980624,0.000151912
19980625,0.00014902
19980626,0.00010165
19980629,5.73865E-05
19980630,7.65045E-05
19980701,0.000157223
19980702,1.31473E-05
19980706,7.12031E-05
19980707,7.17221E-05
19980708,1.45997E-05
19980709,4.35702E-05
19980710,0.000232013
19980713,5.25376E-05
19980714,2.63578E-05
19980715,4.04684E-05
19980716,3.35865E-05
19980717,3.18899E-05
19980720,0.000158703
19980721,0.000153995
19980722,0.000360204
19980723,0.002058162
19980724,0.001800793
19980727,0.000702246
19980728,0.002180052
19980729,0.000596568
19980730,0.00024375
19980731,0.002091493
19980803,0.001057651
19980804,0.010516404
19980805,0.011954612
19980806,0.002321879
19980807,0.001124574
19980810,0.0004963
19980811,0.004524149
19980812,0.00035042
19980813,0.000665488
19980814,0.001413861
19980817,0.001394241
19980818,0.000275993
19980819,0.000356034
19980820,0.001656844
19980821,0.004833591
19980824,0.000641605
19980825,0.000506689
19980826,0.001624648
19980827,0.015350875
19980828,0.013477571
19980831,0.082626755
19980901,0.082374335
19980902,0.009495575
19980903,0.009902689
19980904,0.00700261
19980908,0.002721671
19980909,0.003305028
19980910,0.007609397
19980911,0.041902702
19980914,0.001383166
19980915,0.000917244
19980916,0.003158236
19980917,0.001494074
19980918,0.000760066
19980921,0.00247918
19980922,0.001198978
19980923,0.002337844
19980924,0.002700135
19980925,0.002992415
19980928,0.000607341
19980929,0.014486757
19980930,0.00215402
19981001,0.013338623
19981002,0.006589967
19981005,0.011308553
19981006,0.004224997
19981007,0.00800039
19981008,0.040631195
19981009,0.007441636
19981012,0.000785231
19981013,0.000989336
19981014,0.002822418
19981015,5.461803758
19981016,0.000935186
19981019,0.000691822
19981020,0.001614462
19981021,0.00062547
19981022,0.00059736
19981023,0.000264871
19981026,0.000468458
19981027,0.001076275
19981028,0.000390022
19981029,0.000430186
19981030,0.000214169
19981102,0.000300152
19981103,0.000122974
19981104,0.000329835
19981105,0.000568384
19981106,0.000261695
19981109,0.000221023
19981110,0.000160851
19981111,0.000299488
19981112,0.000312981
19981113,7.24411E-05
19981116,8.14088E-05
19981117,0.00425505
19981118,0.000155369
19981119,6.7598E-05
19981120,2.97208E-05
19981123,0.000157884
19981124,0.000119231
19981125,5.06818E-05
19981130,0.000326479
19981201,0.000285982
19981202,0.000599648
19981203,0.001374915
19981204,0.001305896
19981207,0.000118669
19981208,0.000999128
19981209,0.00037645
19981210,0.000449779
19981211,0.000996433
19981214,0.000339878
19981215,0.000344074
19981216,0.000316603
19981217,0.0005552
19981218,6.67578E-05
19981221,0.00079973
19981222,0.001096083
19981223,0.000207594
19981228,6.76225E-05
19981229,0.000191022
19981230,0.000138135
19981231,0.0008047
19990104,0.001684862
19990105,0.000225824
19990106,0.000127234
19990107,0.000206239
19990108,0.000734557
19990111,0.000505276
19990112,0.000613231
19990113,0.004487091
19990114,0.002097985
19990115,0.000284989
19990119,0.000735837
19990120,0.002031112
19990121,0.001348429
19990122,0.001764064
19990125,0.001211766
19990126,0.000327721
19990127,0.000328333
19990128,0.000412041
19990129,0.001005997
19990201,0.000346452
19990202,0.000815239
19990203,0.00083906
19990204,0.000799794
19990205,0.001225938
19990208,0.000252385
19990209,0.001241785
19990210,0.001045204
19990211,0.000487975
19990212,0.003853878
19990216,0.000758685
19990217,0.000671288
19990218,0.000699122
19990219,0.000298877
19990222,0.000430596
19990223,0.005311988
19990224,0.000733265
19990225,0.003052758
19990226,0.002207814
19990301,0.001301879
19990302,0.000876884
19990303,0.000561511
19990304,0.000938557
19990305,0.001134697
19990308,0.000359853
19990309,0.000659314
19990310,0.000168309
19990311,0.000514716
19990312,0.000494632
19990315,0.000227566
19990316,0.000254426
19990317,0.000241103
19990318,0.000226257
19990319,0.000297367
19990322,0.000156684
19990323,0.001744121
19990324,0.000636666
19990325,0.000143813
19990326,0.000218195
19990329,0.000269316
19990330,0.000199736
19990331,0.000577479
19990401,0.00018784
19990405,0.000144369
19990406,0.00032818
19990407,0.000782159
19990408,0.00073119
19990409,0.000222463
19990412,0.00030198
19990413,0.000258253
19990414,0.001317817
19990415,0.000818822
19990416,0.002175094
19990419,0.002839347
19990420,0.002017384
19990421,0.000470427
19990422,0.00019364
19990423,0.000476346
19990426,0.000135782
19990427,0.000631318
19990428,0.000404882
19990429,0.000299699
19990430,0.002154017
19990503,0.001059955
19990504,0.000249906
19990505,0.000699136
19990506,0.001027688
19990507,0.000600277
19990510,0.000567901
19990511,0.000649301
19990512,0.207043622
19990513,0.00027269
19990514,0.000812282
19990517,0.000191404
19990518,0.00537197
19990519,0.000267843
19990520,0.000377129
19990521,0.000431798
19990524,0.000493165
19990525,0.001311617
19990526,0.000771514
19990527,0.001738752
19990528,0.001358955
19990601,0.000687058
19990602,0.001270109
19990603,0.000287784
19990604,0.00018002
19990607,8.19179E-05
19990608,0.000174922
19990609,9.43663E-05
19990610,0.000608657
19990611,0.000718747
19990614,0.000154379
19990615,0.000243018
19990616,0.000101821
19990617,0.000118226
19990618,5.93809E-05
19990621,0.000114992
19990622,0.000138678
19990623,0.000234163
19990624,0.000165486
19990625,0.000100739
19990628,4.07123E-05
19990629,4.22867E-05
19990630,0.040742078
19990701,0.000219472
19990702,3.18467E-05
19990706,0.000264977
19990707,7.34437E-05
19990708,0.000200655
19990709,7.01693E-05
19990712,7.26888E-05
19990713,7.67473E-05
19990714,0.000361601
19990715,3.77763E-05
19990716,1.79385E-05
19990719,6.97458E-05
19990720,0.000401211
19990721,0.000315596
19990722,0.00079807
19990723,0.000199386
19990726,0.000185756
19990727,8.21565E-05
19990728,0.000151904
19990729,0.000493533
19990730,0.000449526
19990802,0.0005461
19990803,0.000825225
19990804,0.000616705
19990805,0.001606261
19990806,0.000553139
19990809,0.000309116
19990810,0.002929112
19990811,0.000290797
19990812,0.0001314
19990813,9.25234E-05
19990816,5.28513E-05
19990817,0.000113151
19990818,8.05381E-05
19990819,0.000261353
19990820,6.54759E-05
19990823,5.31535E-05
19990824,0.002691745
19990825,0.000129941
19990826,0.000135672
19990827,0.000349884
19990830,7.8804E-05
19990831,0.001550162
19990901,0.00035205
19990902,0.001967726
19990903,5.49164E-05
19990907,7.71089E-05
19990908,0.000339866
19990909,8.76957E-05
19990910,0.000203303
19990913,7.56478E-05
19990914,0.000105217
19990915,0.000353831
19990916,0.000844654
19990917,8.8493E-05
19990920,3.77501E-05
19990921,0.000440043
19990922,0.00059592
19990923,0.001831889
19990924,0.002151898
19990927,0.000524688
19990928,0.003450636
19990929,0.0005002
19990930,0.000976826
19991001,0.002504927
19991004,0.000161723
19991005,0.002820212
19991006,0.00012794
19991007,0.000176909
19991008,0.000126757
19991011,2.66918E-05
19991012,0.000210467
19991013,0.000299868
19991014,0.001191305
19991015,0.001250152
19991018,0.001838149
19991019,0.001083022
19991020,0.000353795
19991021,0.000424261
19991022,0.000406327
19991025,0.000450892
19991026,0.000342732
19991027,0.000597803
19991028,0.000187256
19991029,0.000390967
19991101,7.26764E-05
19991102,0.000376783
19991103,0.000883965
19991104,0.000415427
19991105,0.000308535
19991108,0.000266293
19991109,0.000315489
19991110,0.000784689
19991111,5.98496E-05
19991112,0.000375435
19991115,4.92343E-05
19991116,0.006382659
19991117,0.00011398
19991118,0.000186721
19991119,4.88732E-05
19991122,8.70919E-05
19991123,0.000413475
19991124,9.96795E-05
19991129,0.000182218
19991130,0.000526173
19991201,0.002145686
19991202,4.04926E-05
19991203,0.000167466
19991206,9.48762E-05
19991207,0.000526311
19991208,0.000186303
19991209,0.000310703
19991210,0.00022345
19991213,5.28777E-05
19991214,0.000327908
19991215,0.000169335
19991216,0.000253039
19991217,0.000133712
19991220,0.000110127
19991221,0.003330336
19991222,8.57048E-05
19991223,0.000189819
19991227,0.000143959
19991228,3.08915E-05
19991229,1.9543E-05
19991230,8.12632E-05
20000103,0.000938026
20000104,0.001616878
20000105,0.002743489
20000106,0.000970335
20000107,0.000365703
20000110,0.000361725
20000111,0.000198758
20000112,0.000526936
20000113,0.000251794
20000114,0.000179102
20000118,0.000251241
20000119,0.000113449
20000120,0.000570752
20000121,0.000100406
20000124,0.002058933
20000125,0.001619427
20000126,0.000317669
20000127,0.001641711
20000128,0.003124582
20000131,0.001248801
20000201,0.00066586
20000202,0.000512468
20000203,0.00074926
20000204,0.000262305
20000207,0.000251642
20000208,0.000182313
20000209,0.000565983
20000210,0.000370781
20000211,0.001359812
20000214,0.000376089
20000215,0.000730384
20000216,0.000456876
20000217,0.008103163
20000218,0.001165754
20000222,0.001146366
20000223,0.000760252
20000224,0.00344616
20000225,0.001404095
20000228,0.0032787
20000229,0.000288348
20000301,0.000576715
20000302,0.00034172
20000303,0.000210783
20000306,0.000211977
20000307,0.005341999
20000308,0.000699415
20000309,0.000668451
20000310,0.000918785
20000313,0.00408645
20000314,0.002085485
20000315,0.00210115
20000316,0.002817495
20000317,0.00097963
20000320,0.000412865
20000321,0.00168836
20000322,0.000369389
20000323,0.000608821
20000324,0.001355005
20000327,0.000346387
20000328,0.000930621
20000329,0.000896217
20000330,0.002499868
20000331,0.002054387
20000403,0.001802498
20000404,0.134160858
20000405,0.0056744
20000406,0.000539312
20000407,0.0004915
20000410,0.000501936
20000411,0.003558288
20000412,0.003149562
20000413,0.006579448
20000414,0.063964834
20000417,0.01219952
20000418,0.00479613
20000419,0.00111321
20000420,0.000473299
20000424,0.00172729
20000425,0.000536667
20000426,0.000665191
20000427,0.003411882
20000428,0.001427633
20000501,0.000371049
20000502,0.000703083
20000503,0.002627411
20000504,0.000776116
20000505,0.001702967
20000508,0.00018384
20000509,0.00116515
20000510,0.001827877
20000511,0.000776698
20000512,0.000337472
20000515,0.000598574
20000516,0.01129085
20000517,0.000306882
20000518,0.000219469
20000519,0.001048126
20000522,0.006438159
20000523,0.001347879
20000524,0.003221382
20000525,0.002976504
20000526,0.001304082
20000530,0.000590814
20000531,0.00218795
20000601,0.000836602
20000602,0.000159861
20000605,0.000233426
20000606,0.00017669
20000607,0.00020524
20000608,0.000235323
20000609,0.000153533
20000612,0.000119554
20000613,0.000375916
20000614,0.000306141
20000615,0.000262702
20000616,9.08006E-05
20000619,0.000241365
20000620,0.000456919
20000621,0.000118225
20000622,0.000402217
20000623,0.000236846
20000626,0.00023175
20000627,7.78426E-05
20000628,0.000159437
20000629,0.000715655
20000630,0.000147696
20000705,0.000140349
20000706,0.000112694
20000707,0.00012719
20000710,8.54868E-05
20000711,0.00038168
20000712,7.83444E-05
20000713,2.4589E-05
20000714,8.08054E-05
20000717,4.12682E-05
20000718,4.9825E-05
20000719,9.45181E-05
20000720,0.001523571
20000721,0.000156773
20000724,0.000162411
20000725,0.000159524
20000726,0.000509543
20000727,0.001557045
20000728,0.002337022
20000731,0.000767098
20000801,0.000310373
20000802,0.000318532
20000803,0.00040631
20000804,0.000265307
20000807,0.000112662
20000808,2.34492E-05
20000809,0.000229912
20000810,8.43569E-05
20000811,0.000163256
20000814,4.49607E-05
20000815,2.34344E-05
20000816,9.37075E-05
20000817,0.000137033
20000818,7.28973E-05
20000821,6.37488E-05
20000822,6.02369E-05
20000823,9.62385E-05
20000824,2.07872E-05
20000825,1.60341E-05
20000828,2.55146E-05
20000829,3.66837E-05
20000830,3.40723E-05
20000831,8.9336E-05
20000901,0.000122827
20000905,3.95632E-05
20000906,0.00018194
20000907,5.91415E-05
20000908,8.39109E-05
20000911,0.000373456
20000912,0.000122347
20000913,0.000223617
20000914,5.49433E-05
20000915,8.64412E-05
20000918,0.000232802
20000919,0.000165514
20000920,0.000611401
20000921,0.000465569
20000922,0.000496231
20000925,0.000109271
20000926,0.001053441
20000927,0.00055806
20000928,0.000398906
20000929,0.000407882
20001002,0.000752011
20001003,0.000511222
20001004,0.00101734
20001005,0.000554395
20001006,0.00113402
20001009,0.000306689
20001010,0.000761051
20001011,0.004923208
20001012,0.011715989
20001013,0.002045145
20001016,0.000363941
20001017,0.000892928
20001018,0.010291479
20001019,0.000607586
20001020,0.00015727
20001023,0.000344722
20001024,0.000522238
20001025,0.001843246
20001026,0.00320678
20001027,0.001408857
20001030,0.000872239
20001031,0.000108392
20001101,0.000241667
20001102,0.000383134
20001103,0.000263434
20001106,0.000121134
20001107,0.000145448
20001108,0.000922521
20001109,0.003112161
20001110,0.000984014
20001113,0.003164545
20001114,0.005579961
20001115,0.001684656
20001116,0.000385098
20001117,0.002950512
20001120,0.001214769
20001121,0.001846189
20001122,0.003579683
20001127,0.000209633
20001128,0.001225005
20001129,0.001200442
20001130,0.004185079
20001201,0.000881341
20001204,0.018342592
20001205,0.001875433
20001206,0.001008645
20001207,0.000197058
20001208,0.002158998
20001211,0.000308408
20001212,0.000668412
20001213,0.000768841
20001214,0.000901171
20001215,0.001654128
20001218,0.000322193
20001219,0.006157939
20001220,0.004520143
20001221,0.003154979
20001222,0.000808759
20001226,0.000159556
20001227,0.000391562
20001228,0.000178892
20001229,0.000319803
20010102,0.001630575
20010103,0.736384808
20010104,0.001715533
20010105,0.007165128
20010108,0.001978564
20010109,0.000524365
20010110,0.001046442
20010111,0.000440455
20010112,0.000596716
20010116,0.000557114
20010117,0.000285579
20010118,0.000359039
20010119,0.000647074
20010122,0.000335952
20010123,0.000184138
20010124,0.000288802
20010125,0.0003946
20010126,0.000272611
20010129,3.68247E-05
20010130,0.000103516
20010131,0.00086062
20010201,0.000192341
20010202,0.000198005
20010205,0.0001175
20010206,6.69014E-05
20010207,0.000133559
20010208,0.000100121
20010209,0.00010992
20010212,0.000163553
20010213,0.000175462
20010214,0.000250983
20010215,0.000158978
20010216,0.000167029
20010220,0.000220815
20010221,0.000705456
20010222,0.008883171
20010223,0.004409371
20010226,0.000494572
20010227,0.002303448
20010228,0.001659924
20010301,0.002497124
20010302,0.001721742
20010305,0.000312996
20010306,0.000153423
20010307,0.000291625
20010308,0.00019804
20010309,0.00229638
20010312,0.00235129
20010313,0.002572551
20010314,0.011980412
20010315,0.000635515
20010316,0.003202051
20010319,0.000448264
20010320,0.007239844
20010321,0.008631701
20010322,0.019020439
20010323,0.004446844
20010326,0.001514626
20010327,0.000660026
20010328,0.002950218
20010329,0.001861081
20010330,0.003904305
20010402,0.002504676
20010403,0.004493523
20010404,0.007181528
20010405,0.00168147
20010406,0.004385934
20010409,0.001689578
20010410,0.000575897
20010411,0.000732395
20010412,0.001195303
20010416,0.000625596
20010417,0.002354165
20010418,0.391847914
20010419,0.000529946
20010420,0.000210196
20010423,0.000258619
20010424,0.00033525
20010425,0.000588023
20010426,0.000252379
20010427,0.000382552
20010430,0.000286012
20010501,0.000393909
20010502,0.000499182
20010503,0.000411247
20010504,0.002037157
20010507,0.000293024
20010508,0.000184401
20010509,0.00023285
20010510,9.42532E-05
20010511,0.000209337
20010514,4.56903E-05
20010515,0.000781024
20010516,0.00048544
20010517,0.000372136
20010518,0.000203783
20010521,0.000199725
20010522,0.000164188
20010523,0.000208516
20010524,0.000272418
20010525,0.000252573
20010529,0.000512714
20010530,0.00022664
20010531,0.000209668
20010601,0.000223748
20010604,0.000145235
20010605,0.000221004
20010606,0.000290421
20010607,0.000147542
20010608,0.000363114
20010611,7.48645E-05
20010612,0.000457186
20010613,0.000125124
20010614,0.000292711
20010615,0.000485741
20010618,0.000278753
20010619,0.000270579
20010620,0.0005169
20010621,0.000561878
20010622,0.000447779
20010625,0.000123727
20010626,0.000186192
20010627,0.000474256
20010628,0.000787492
20010629,0.000359981
20010702,0.000125332
20010705,0.000144171
20010706,0.000419153
20010709,0.000100615
20010710,0.000198016
20010711,0.000759037
20010712,8.07648E-05
20010713,0.000205731
20010716,0.000269231
20010717,0.000278702
20010718,0.000579564
20010719,0.000411477
20010720,0.000152006
20010723,0.000793784
20010724,0.000804465
20010725,0.000566707
20010726,0.000248822
20010727,0.000339122
20010730,8.59311E-05
20010731,0.000145706
20010801,0.000118178
20010802,6.41138E-05
20010803,0.000508343
20010806,0.000117102
20010807,7.26914E-05
20010808,0.000251329
20010809,0.000254377
20010810,0.001537507
20010813,0.000137288
20010814,0.000183749
20010815,0.000283271
20010816,0.000739807
20010817,0.000656765
20010820,0.000137394
20010821,0.00070787
20010822,0.000466407
20010823,0.000348046
20010824,0.000425044
20010827,9.93304E-05
20010828,0.000503207
20010829,0.000261702
20010830,0.001000842
20010831,0.001503667
20010904,0.002072565
20010905,0.001797495
20010906,0.004631509
20010907,0.005265434
20010910,0.004431946
20010917,0.002725029
20010918,0.000578954
20010919,0.013893664
20010920,0.007551725
20010921,0.023273685
20010924,0.000972788
20010925,0.002000559
20010926,0.000534545
20010927,0.002868613
20010928,0.00141008
20011001,0.000586989
20011002,0.001477585
20011003,0.000904079
20011004,0.002615543
20011005,0.002396007
20011008,0.001731334
20011009,0.000502964
20011010,0.000638627
20011011,0.000752303
20011012,0.022331399
20011015,0.000330509
20011016,0.001454924
20011017,0.001958424
20011018,0.000529581
20011019,0.000239766
20011022,0.000475298
20011023,0.000692811
20011024,0.001072155
20011025,0.001825974
20011026,0.000810088
20011029,0.001105184
20011030,0.001462548
20011031,0.001619101
20011101,0.003632229
20011102,0.000478287
20011105,0.000400056
20011106,0.001062619
20011107,0.00046672
20011108,0.0003975
20011109,0.001344174
20011112,0.003105007
20011113,0.00033596
20011114,0.000284391
20011115,0.000289956
20011116,0.000334708
20011119,9.79344E-05
20011120,0.000214849
20011121,0.000161703
20011126,0.000164381
20011127,0.001131202
20011128,0.00084401
20011129,0.000355847
20011130,0.000116225
20011203,0.000278554
20011204,6.56553E-05
20011205,0.000271398
20011206,0.000206279
20011207,8.50559E-05
20011210,0.000108529
20011211,0.000470663
20011212,0.000238813
20011213,0.000466822
20011214,0.000263251
20011217,0.000108851
20011218,9.83287E-05
20011219,0.000354151
20011220,4.79959E-05
20011221,1.73614E-05
20011226,0.000102911
20011227,2.63994E-05
20011228,6.57714E-05
20011231,0.000125877
20020102,0.000428024
20020103,8.31502E-05
20020104,0.000464966
20020107,5.07095E-05
20020108,0.000174903
20020109,0.000683398
20020110,0.000135448
20020111,0.000229504
20020114,5.58918E-05
20020115,0.000147541
20020116,0.000212176
20020117,7.37368E-05
20020118,0.000290531
20020122,0.000146329
20020123,0.000150977
20020124,0.000178435
20020125,7.26475E-05
20020128,6.9992E-05
20020129,0.000492907
20020130,0.00239032
20020131,0.000261052
20020201,9.75782E-05
20020204,0.000336139
20020205,0.001859805
20020206,0.000842295
20020207,0.000945337
20020208,0.000540019
20020211,0.000124331
20020212,8.1234E-05
20020213,0.00064531
20020214,0.00019999
20020215,0.000426524
20020219,0.000201827
20020220,0.000406324
20020221,0.00064543
20020222,0.000656986
20020225,0.000144251
20020226,0.001170171
20020227,0.000677071
20020228,0.000342947
20020301,0.000426582
20020304,0.000249492
20020305,0.001386753
20020306,0.00034415
20020307,0.000575899
20020308,0.000255929
20020311,4.84281E-05
20020312,0.000122893
20020313,0.000117562
20020314,6.46282E-05
20020315,0.000118786
20020318,0.000167703
20020319,0.000330771
20020320,5.73634E-05
20020321,0.000174695
20020322,0.00011823
20020325,8.59967E-05
20020326,0.000581086
20020327,0.000111266
20020328,0.000276581
20020401,0.000200546
20020402,0.000111636
20020403,0.000161258
20020404,8.19867E-05
20020405,9.24544E-05
20020408,0.000153412
20020409,0.000113808
20020410,0.000147884
20020411,0.000360704
20020412,0.000118059
20020415,0.000505785
20020416,5.52521E-05
20020417,5.73903E-05
20020418,0.005410939
20020419,4.55499E-05
20020422,8.44799E-05
20020423,0.000265359
20020424,0.0002818
20020425,0.000262366
20020426,0.000466503
20020429,0.000232204
20020430,0.000295478
20020501,0.000461519
20020502,0.00049176
20020503,0.000182196
20020506,0.000191394
20020507,0.000269053
20020508,0.000371771
20020509,0.000422946
20020510,0.00051578
20020513,0.000223649
20020514,0.000181821
20020515,0.00057662
20020516,0.000116152
20020517,0.000209355
20020520,0.000192195
20020521,0.000211671
20020522,0.000463238
20020523,0.000187962
20020524,0.000243981
20020528,0.000138795
20020529,3.60487E-05
20020530,0.000348751
20020531,0.000175379
20020603,0.001312318
20020604,0.001623218
20020605,0.00038371
20020606,0.000747753
20020607,0.00081441
20020610,0.001135764
20020611,0.00032954
20020612,0.003305807
20020613,0.000506755
20020614,0.014003231
20020617,0.000318544
20020618,0.000332557
20020619,0.000443135
20020620,0.001528272
20020621,0.000883909
20020624,0.003421132
20020625,0.001533192
20020626,0.006087309
20020627,0.003260877
20020628,0.00146733
20020701,0.000684339
20020702,0.002893454
20020703,0.002230535
20020708,0.001329195
20020709,0.001919858
20020710,0.005008604
20020711,0.012265079
20020712,0.006978406
20020715,0.018143058
20020716,0.01265939
20020717,0.009766219
20020718,0.003216428
20020719,0.00552164
20020722,0.043234992
20020723,0.040798675
20020724,0.068929297
20020725,0.056211359
20020726,0.009630428
20020729,0.001861524
20020730,0.004375688
20020731,0.004012425
20020801,0.010764425
20020802,0.005058059
20020805,0.003696009
20020806,0.007122969
20020807,0.004647087
20020808,0.005104451
20020809,0.003034159
20020812,0.001262365
20020813,0.006328489
20020814,0.009858844
20020815,0.008967346
20020816,0.001124043
20020819,0.00108109
20020820,0.001020086
20020821,0.00305891
20020822,0.002205581
20020823,0.000756718
20020826,0.001155716
20020827,0.006518921
20020828,0.001165383
20020829,0.001366849
20020830,0.002893156
20020903,0.001479246
20020904,0.001845403
20020905,0.004122458
20020906,0.001779796
20020909,0.001591929
20020910,0.001002698
20020911,0.000716896
20020912,0.000529118
20020913,0.00302157
20020916,0.000664307
20020917,0.001608012
20020918,0.002422666
20020919,0.001126852
20020920,0.001409505
20020923,0.002379601
20020924,0.013463615
20020925,0.002146217
20020926,0.001910232
20020927,0.002019003
20020930,0.008822087
20021001,0.006191593
20021002,0.009600415
20021003,0.008857055
20021004,0.018530406
20021007,0.005156071
20021008,0.012188203
20021009,0.010053949
20021010,0.012390748
20021011,0.011621154
20021014,0.002520431
20021015,0.003213888
20021016,0.001897937
20021017,0.001146775
20021018,0.002353575
20021021,0.001749286
20021022,0.00092955
20021023,0.001974708
20021024,0.00294879
20021025,0.002417352
20021028,0.001476794
20021029,0.017751181
20021030,0.001903939
20021031,0.003329698
20021101,0.004548097
20021104,0.000508743
20021105,0.000437402
20021106,0.020507648
20021107,0.001127924
20021108,0.001065938
20021111,0.000917182
20021112,0.000491162
20021113,0.019598684
20021114,0.000512432
20021115,0.001949275
20021118,0.000426144
20021119,0.000461988
20021120,0.000825794
20021121,0.000354949
20021122,0.000189871
20021125,0.000365111
20021126,0.000301018
20021127,0.000949131
20021202,0.001590239
20021203,0.000572718
20021204,0.001116128
20021205,0.000444094
20021206,0.001953193
20021209,0.001041946
20021210,0.000282136
20021211,0.000495132
20021212,0.001245913
20021213,0.000402495
20021216,0.000204891
20021217,0.000184598
20021218,0.00038665
20021219,0.000935507
20021220,0.000147634
20021223,0.000244007
20021226,0.000622063
20021227,0.000379538
20021230,0.000367877
20021231,0.001694421
20030102,0.007759833
20030103,0.000298473
20030106,0.000464716
20030107,0.000659436
20030108,0.000375924
20030109,0.00020403
20030110,0.000398879
20030113,0.000323585
20030114,0.000344864
20030115,0.000255202
20030116,0.000451153
20030117,0.000308994
20030121,0.000221111
20030122,0.000474575
20030123,0.000388201
20030124,0.000910276
20030127,0.003314231
20030128,0.000413856
20030129,0.000903315
20030130,0.000636679
20030131,0.000964249
20030203,0.000407745
20030204,0.000754985
20030205,0.001647269
20030206,0.002039744
20030207,0.001609308
20030210,0.001140203
20030211,0.000278001
20030212,0.000553415
20030213,0.006351849
20030214,0.001538428
20030218,0.000384738
20030219,0.000373076
20030220,0.000241892
20030221,0.001563172
20030224,0.000358559
20030225,0.001225951
20030226,0.000630097
20030227,0.001114662
20030228,0.000395355
20030303,0.000479958
20030304,0.000108312
20030305,0.000778467
20030306,0.000577783
20030307,0.049704781
20030310,0.000195884
20030311,0.000656074
20030312,0.001640022
20030313,0.000410443
20030314,0.003550328
20030317,0.008073238
20030318,0.001279127
20030319,0.000928278
20030320,0.001182125
20030321,0.002089283
20030324,0.00035813
20030325,0.001059236
20030326,0.000739408
20030327,0.000453599
20030328,0.000282052
20030331,0.00046321
20030401,0.001333651
20030402,0.000267195
20030403,0.000388322
20030404,0.000818101
20030407,0.00104731
20030408,0.001299033
20030409,0.001512601
20030410,0.000377366
20030411,0.000787277
20030414,0.000209274
20030415,0.000283243
20030416,0.00058639
20030417,0.000126227
20030421,0.000429233
20030422,0.000840977
20030423,0.000120158
20030424,0.000223055
20030425,0.00038921
20030428,0.000200979
20030429,0.000956784
20030430,0.001340873
20030501,0.000706962
20030502,0.00055692
20030505,0.00026028
20030506,0.000336567
20030507,0.000286853
20030508,0.000331011
20030509,8.39034E-05
20030512,0.000134495
20030513,0.000141181
20030514,0.000264868
20030515,0.000123228
20030516,0.000229866
20030519,0.000132975
20030520,0.000371465
20030521,0.000484455
20030522,0.000348382
20030523,7.26844E-05
20030527,0.000241582
20030528,0.000236717
20030529,0.000416785
20030530,0.000164163
20030602,0.000376915
20030603,0.000335091
20030604,0.00028133
20030605,0.000199044
20030606,0.001361898
20030609,0.000158663
20030610,0.000215899
20030611,0.000140852
20030612,0.000284604
20030613,0.00096706
20030616,0.000173502
20030617,0.000190636
20030618,0.000232511
20030619,0.000496377
20030620,0.000167257
20030623,0.000311874
20030624,0.000159553
20030625,0.00431088
20030626,0.000210852
20030627,0.000412999
20030630,0.000633442
20030701,0.001142764
20030702,0.000124205
20030707,9.98805E-05
20030708,8.7936E-05
20030709,0.000266713
20030710,0.000164197
20030711,0.000206756
20030714,0.001001498
20030715,0.000571608
20030716,0.000256709
20030717,0.000206962
20030718,0.000216422
20030721,0.00010195
20030722,0.000585634
20030723,0.000222278
20030724,0.000771386
20030725,0.000338459
20030728,0.000436586
20030729,0.003465213
20030730,0.000184813
20030731,0.002821516
20030801,0.000334054
20030804,0.001676785
20030805,0.00360636
20030806,0.000434681
20030807,0.00018558
20030808,0.000149007
20030811,0.000213149
20030812,0.000294028
20030813,7.9664E-05
20030814,0.000184025
20030815,5.59816E-05
20030818,5.04609E-05
20030819,9.39518E-05
20030820,3.74515E-05
20030821,0.000412203
20030822,0.000483576
20030825,4.58662E-05
20030826,0.000483779
20030827,1.8183E-05
20030828,0.000158265
20030829,0.000273617
20030902,0.000394281
20030903,0.000104012
20030904,4.62514E-05
20030905,8.00114E-05
20030908,6.91393E-05
20030909,0.00013607
20030910,0.000144244
20030911,8.01833E-05
20030912,0.000119093
20030915,4.63667E-05
20030916,4.6973E-05
20030917,4.16216E-05
20030918,5.2952E-05
20030919,4.31153E-05
20030922,6.82362E-05
20030923,8.58516E-05
20030924,0.000144281
20030925,0.000156952
20030926,0.00061284
20030929,7.2219E-05
20030930,0.000754796
20031001,0.000125766
20031002,0.000119276
20031003,0.000224776
20031006,2.11677E-05
20031007,0.000183276
20031008,0.000104081
20031009,0.000379705
20031010,3.72122E-05
20031013,2.88838E-05
20031014,3.25301E-05
20031015,0.000129358
20031016,4.14557E-05
20031017,8.46631E-05
20031020,7.02548E-05
20031021,7.85443E-05
20031022,7.03402E-05
20031023,9.3251E-05
20031024,0.000111953
20031027,3.59884E-05
20031028,7.575E-05
20031029,0.000208538
20031030,0.000204192
20031031,5.68412E-05
20031103,7.28698E-05
20031104,1.07691E-05
20031105,0.000361724
20031106,7.40621E-05
20031107,0.000170095
20031110,4.77322E-05
20031111,2.0786E-05
20031112,8.37671E-05
20031113,4.28585E-05
20031114,0.000146474
20031117,8.84689E-05
20031118,9.25374E-05
20031119,5.98158E-05
20031120,0.000389171
20031121,0.000122382
20031124,5.5618E-05
20031125,3.48741E-05
20031126,3.18791E-05
20031201,4.55054E-05
20031202,3.96765E-05
20031203,8.30304E-05
20031204,7.09399E-05
20031205,0.000102918
20031208,3.077E-05
20031209,0.000149836
20031210,4.35643E-05
20031211,4.45091E-05
20031212,9.17735E-05
20031215,7.61625E-05
20031216,3.01047E-05
20031217,1.30745E-05
20031218,1.97542E-05
20031219,4.72844E-05
20031222,1.63002E-05
20031223,1.60287E-05
20031229,2.4247E-05
20031230,5.91404E-06
20031231,2.56901E-05
20040102,0.000141128
20040105,9.28992E-06
20040106,1.62773E-05
20040107,4.02893E-05
20040108,3.66092E-05
20040109,7.18968E-05
20040112,2.51598E-05
20040113,0.000308878
20040114,8.34379E-06
20040115,0.000119001
20040116,3.37908E-05
20040120,4.19449E-05
20040121,0.000185097
20040122,3.88008E-05
20040123,5.79812E-05
20040126,6.27167E-05
20040127,3.31582E-05
20040128,0.002396787
20040129,0.000231075
20040130,0.00013718
20040202,0.000521309
20040203,5.8491E-05
20040204,9.90261E-05
20040205,6.68038E-05
20040206,0.000273807
20040209,2.18637E-05
20040210,3.58376E-05
20040211,0.000215191
20040212,1.28489E-05
20040213,0.000170879
20040217,1.16199E-05
20040218,2.22475E-05
20040219,8.89092E-05
20040220,0.000171961
20040223,0.000118385
20040224,0.000165469
20040225,1.2518E-05
20040226,4.60432E-05
20040227,9.61196E-05
20040301,1.67237E-05
20040302,8.70617E-05
20040303,3.78972E-05
20040304,6.84004E-06
20040305,0.000430762
20040308,3.16998E-05
20040309,0.000133101
20040310,0.000141179
20040311,0.000730959
20040312,0.00022478
20040315,0.000190481
20040316,0.000139777
20040317,1.86028E-05
20040318,0.000238237
20040319,0.000107824
20040322,0.000276745
20040323,0.00015148
20040324,0.000422618
20040325,8.60471E-05
20040326,6.2952E-05
20040329,0.00011298
20040330,4.55345E-05
20040331,9.66762E-05
20040401,4.02125E-05
20040402,8.17349E-05
20040405,2.06979E-05
20040406,9.35059E-06
20040407,4.46482E-05
20040408,0.000120941
20040412,8.49444E-06
20040413,9.54808E-05
20040414,0.000118223
20040415,0.000136746
20040416,5.1962E-05
20040419,2.73395E-05
20040420,0.000133169
20040421,0.000178305
20040422,0.000198737
20040423,6.78252E-05
20040426,5.76898E-05
20040427,0.000139819
20040428,8.86718E-05
20040429,0.000246171
20040430,0.000260026
20040503,0.000124039
20040504,0.000710438
20040505,7.73565E-05
20040506,0.000173775
20040507,0.000368614
20040510,0.000288069
20040511,7.40885E-05
20040512,0.000728834
20040513,0.000241736
20040514,0.000379301
20040517,0.000303688
20040518,3.89182E-05
20040519,0.000197566
20040520,9.67738E-05
20040521,6.62315E-05
20040524,9.63283E-05
20040525,0.000172705
20040526,3.34584E-05
20040527,8.19184E-05
20040528,7.92998E-06
20040601,4.46324E-05
20040602,5.33691E-05
20040603,5.87513E-05
20040604,4.25904E-05
20040607,8.6896E-06
20040608,3.92532E-05
20040609,2.22367E-05
20040610,7.30993E-06
20040614,1.41113E-05
20040615,6.32947E-05
20040616,2.35666E-05
20040617,6.34373E-05
20040618,4.00945E-05
20040621,1.45298E-05
20040622,4.57465E-05
20040623,3.33869E-05
20040624,1.81981E-05
20040625,2.43896E-05
20040628,8.75139E-05
20040629,1.03898E-05
20040630,5.96992E-05
20040701,9.04513E-05
20040702,7.65941E-05
20040706,4.53751E-05
20040707,3.47288E-05
20040708,0.000172219
20040709,1.14428E-05
20040712,9.71968E-05
20040713,5.89657E-06
20040714,9.12665E-05
20040715,5.50251E-05
20040716,4.16575E-05
20040719,6.69169E-05
20040720,0.000111703
20040721,5.9712E-05
20040722,0.000431484
20040723,0.000113125
20040726,0.00033969
20040727,5.49107E-05
20040728,0.000274113
20040729,8.97703E-05
20040730,3.92467E-05
20040802,5.79454E-05
20040803,3.82778E-05
20040804,8.7913E-05
20040805,0.00012659
20040806,0.000183972
20040809,2.4207E-05
20040810,7.39221E-05
20040811,9.89795E-05
20040812,0.000109752
20040813,7.1732E-05
20040816,0.000159633
20040817,6.27134E-05
20040818,0.000173783
20040819,4.06195E-05
20040820,5.48267E-05
20040823,2.5946E-05
20040824,2.10269E-05
20040825,3.00986E-05
20040826,1.09364E-05
20040827,6.64291E-06
20040830,3.32459E-06
20040831,2.98067E-05
20040901,8.67988E-05
20040902,1.96623E-05
20040903,4.5167E-05
20040907,3.92935E-05
20040908,2.96752E-05
20040909,3.85678E-05
20040910,5.29965E-05
20040913,1.75397E-05
20040914,1.21646E-05
20040915,1.99752E-05
20040916,7.22211E-06
20040917,1.70074E-05
20040920,3.48734E-05
20040921,2.43355E-05
20040922,2.73158E-05
20040923,3.8278E-05
20040924,1.51514E-05
20040927,1.37431E-05
20040928,1.40795E-05
20040929,3.59851E-05
20040930,1.77079E-05
20041001,3.79794E-05
20041004,1.70736E-05
20041005,2.24546E-05
20041006,1.38049E-05
20041007,9.86586E-06
20041008,2.67506E-05
20041011,4.58748E-06
20041012,2.47086E-05
20041013,7.34423E-05
20041014,2.84026E-05
20041015,5.60873E-05
20041018,5.80565E-05
20041019,4.12945E-05
20041020,9.19296E-05
20041021,0.000160463
20041022,6.9513E-05
20041025,8.39389E-05
20041026,6.12644E-05
20041027,0.000140039
20041028,3.57751E-05
20041029,5.36064E-05
20041101,1.82384E-05
20041102,0.000282006
20041103,0.000156644
20041104,5.15846E-05
20041105,7.30503E-05
20041108,2.55025E-05
20041109,3.56851E-05
20041110,5.58521E-05
20041111,1.19695E-05
20041112,1.2984E-05
20041115,3.02494E-05
20041116,1.16779E-05
20041117,5.58387E-05
20041118,1.15582E-05
20041119,9.82285E-05
20041122,2.04314E-05
20041123,4.53698E-05
20041124,1.5164E-05
20041129,0.000190477
20041130,3.99198E-05
20041201,4.01733E-05
20041202,2.491E-05
20041203,0.0001262
20041206,1.76695E-05
20041207,6.30196E-05
20041208,2.48036E-05
20041209,5.16586E-05
20041210,2.36689E-05
20041213,2.51984E-05
20041214,1.52664E-05
20041215,2.49164E-05
20041216,0.000108685
20041217,5.33265E-05
20041220,4.32757E-05
20041221,1.0462E-05
20041222,4.18274E-05
20041223,7.7667E-06
20041227,5.1819E-05
20041228,1.57722E-05
20041229,2.92654E-06
20041230,4.33586E-06
20041231,1.10402E-05
20050103,8.63208E-05
20050104,8.59228E-05
20050105,6.09576E-05
20050106,9.94376E-05
20050107,7.37426E-05
20050110,4.94763E-05
20050111,5.19698E-05
20050112,0.000151639
20050113,4.08406E-05
20050114,4.89778E-05
20050118,2.58515E-05
20050119,2.00547E-05
20050120,8.50303E-05
20050121,4.09846E-05
20050124,8.22018E-05
20050125,1.83845E-05
20050126,2.10405E-05
20050127,1.62421E-05
20050128,3.55559E-05
20050131,1.83925E-05
20050201,9.93269E-06
20050202,4.84115E-05
20050203,7.25724E-06
20050204,1.8457E-05
20050207,4.52228E-06
20050208,2.16334E-05
20050209,7.34989E-05
20050210,2.85962E-05
20050211,0.000281779
20050214,2.28331E-06
20050215,2.48359E-05
20050216,3.54387E-05
20050217,6.99957E-05
20050218,9.96747E-06
20050222,7.12762E-05
20050223,2.4085E-05
20050224,0.000123041
20050225,4.09138E-05
20050228,4.44976E-05
20050301,1.25868E-05
20050302,0.00010622
20050303,6.35623E-05
20050304,5.12349E-05
20050307,1.13866E-05
20050308,2.54173E-05
20050309,4.76587E-05
20050310,6.43618E-05
20050311,9.91425E-05
20050314,3.66919E-05
20050315,3.00833E-05
20050316,3.78039E-05
20050317,3.09798E-05
20050318,5.82305E-05
20050321,0.000164111
20050322,0.000373029
20050323,6.13022E-05
20050324,2.76559E-05
20050328,1.97266E-05
20050329,5.68922E-05
20050330,2.82698E-05
20050331,5.26324E-05
20050401,0.000195917
20050404,4.16807E-05
20050405,3.72239E-05
20050406,2.2745E-05
20050407,2.08863E-05
20050408,2.26235E-05
20050411,1.67992E-05
20050412,6.97741E-05
20050413,4.02561E-05
20050414,0.000102844
20050415,0.00020984
20050418,0.000117955
20050419,3.6633E-05
20050420,0.000130426
20050421,9.61886E-05
20050422,0.0004135
20050425,0.000107467
20050426,8.62556E-05
20050427,0.000182678
20050428,9.5307E-05
20050429,0.000246559
20050502,8.13619E-05
20050503,0.001000161
20050504,0.000130287
20050505,0.000392276
20050506,6.22266E-05
20050509,1.85601E-05
20050510,4.82338E-05
20050511,9.48396E-05
20050512,0.000148232
20050513,0.000328327
20050516,5.61692E-05
20050517,5.75775E-05
20050518,2.11591E-05
20050519,3.38335E-05
20050520,1.10489E-05
20050523,3.4942E-05
20050524,5.59319E-05
20050525,1.35627E-05
20050526,8.61378E-06
20050527,2.61313E-06
20050531,4.80581E-05
20050601,0.000175854
20050602,1.6174E-05
20050603,3.53225E-05
20050606,6.42072E-06
20050607,8.45766E-05
20050608,2.15357E-05
20050609,5.99716E-05
20050610,1.94248E-05
20050613,5.4014E-05
20050614,2.56957E-05
20050615,5.86461E-05
20050616,2.0803E-05
20050617,1.71591E-05
20050620,2.09039E-05
20050621,1.88067E-05
20050622,1.36245E-05
20050623,0.000134999
20050624,2.0547E-05
20050627,2.04931E-05
20050628,7.32704E-06
20050629,1.04905E-05
20050630,7.61362E-05
20050701,3.39309E-05
20050705,2.78662E-05
20050706,2.59729E-05
20050707,0.000102038
20050708,2.01608E-05
20050711,2.17931E-05
20050712,3.40272E-05
20050713,2.42022E-05
20050714,7.50879E-05
20050715,5.36756E-06
20050718,5.96446E-06
20050719,1.54765E-05
20050720,4.55068E-05
20050721,8.46308E-05
20050722,1.56072E-05
20050725,2.16367E-05
20050726,2.90094E-05
20050727,2.08943E-05
20050728,2.70395E-05
20050729,1.14249E-05
20050801,1.2106E-05
20050802,1.32361E-05
20050803,4.83239E-06
20050804,9.67094E-06
20050805,2.24665E-05
20050808,1.09126E-05
20050809,1.08021E-05
20050810,7.9901E-05
20050811,7.18446E-05
20050812,4.38777E-05
20050815,1.68334E-05
20050816,4.86325E-05
20050817,3.86585E-05
20050818,1.9511E-05
20050819,7.28696E-06
20050822,6.62191E-05
20050823,2.52804E-05
20050824,5.84705E-05
20050825,9.15335E-06
20050826,0.000115964
20050829,7.3015E-05
20050830,0.000134523
20050831,0.000163947
20050901,0.000181935
20050902,2.31992E-05
20050906,1.46679E-05
20050907,1.30973E-05
20050908,7.1421E-06
20050909,1.20746E-05
20050912,7.36566E-06
20050913,2.03132E-05
20050914,3.6889E-05
20050915,3.47894E-05
20050916,1.27647E-05
20050919,1.37602E-05
20050920,0.000192502
20050921,3.06912E-05
20050922,0.000128648
20050923,5.00357E-05
20050926,3.65729E-05
20050927,8.89282E-05
20050928,2.80581E-05
20050929,7.81863E-05
20050930,2.70556E-05
20051003,2.62346E-05
20051004,0.000126276
20051005,0.000332001
20051006,0.000706709
20051007,4.48625E-05
20051010,0.000122074
20051011,0.000217805
20051012,0.000160968
20051013,0.000376745
20051014,0.000188193
20051017,0.000146863
20051018,3.18687E-05
20051019,0.000233998
20051020,0.000784337
20051021,0.000186368
20051024,9.22339E-05
20051025,8.25092E-05
20051026,0.000186599
20051027,3.3942E-05
20051028,0.000125108
20051031,3.35394E-05
20051101,5.95399E-05
20051102,3.01463E-05
20051103,3.75963E-05
20051104,3.05804E-05
20051107,1.26139E-05
20051108,7.43256E-06
20051109,3.86495E-05
20051110,0.000162102
20051111,2.82052E-06
20051114,1.34444E-05
20051115,2.68637E-05
20051116,1.80639E-05
20051117,1.54764E-05
20051118,2.68171E-05
20051121,1.55352E-05
20051122,5.70006E-05
20051123,1.21954E-05
20051128,1.2809E-05
20051129,2.26607E-05
20051130,4.17961E-05
20051201,1.09845E-05
20051202,8.56304E-06
20051205,1.62517E-05
20051206,5.08253E-05
20051207,3.62502E-05
20051208,8.49073E-05
20051209,1.873E-05
20051212,1.02923E-05
20051213,6.0921E-05
20051214,2.66427E-05
20051215,5.42701E-05
20051216,7.9414E-06
20051219,1.44952E-05
20051220,2.46405E-05
20051221,2.48664E-05
20051222,6.29022E-06
20051223,2.23944E-06
20051227,9.32922E-05
20051228,5.13891E-06
20051229,1.31983E-05
20051230,1.26747E-05
20060103,0.000187965
20060104,4.26298E-05
20060105,1.93317E-05
20060106,3.30426E-05
20060109,9.85198E-06
20060110,1.07602E-05
20060111,2.0795E-05
20060112,8.89938E-06
20060113,1.71467E-05
20060117,1.12301E-05
20060118,6.67731E-05
20060119,1.21727E-05
20060120,7.0913E-05
20060123,1.85231E-05
20060124,4.11179E-05
20060125,0.000202049
20060126,3.29682E-05
20060127,4.07388E-05
20060130,3.23326E-06
20060131,0.000102868
20060201,5.65982E-05
20060202,0.000100989
20060203,5.90632E-05
20060206,3.80562E-05
20060207,6.47824E-05
20060208,1.53345E-05
20060209,2.05038E-05
20060210,7.85699E-05
20060213,1.9259E-05
20060214,4.70938E-05
20060215,9.07448E-05
20060216,5.9971E-06
20060217,5.89841E-06
20060221,4.09219E-05
20060222,1.50263E-05
20060223,2.42304E-05
20060224,9.43637E-06
20060227,1.6141E-05
20060228,3.36483E-05
20060301,6.79395E-06
20060302,3.3051E-05
20060303,5.64135E-05
20060306,3.71701E-05
20060307,2.75537E-05
20060308,3.33076E-05
20060309,1.16464E-05
20060310,4.51746E-05
20060313,6.81427E-06
20060314,1.94787E-05
20060315,1.07997E-05
20060316,1.70809E-05
20060317,8.39284E-06
20060320,3.14485E-05
20060321,2.0881E-05
20060322,1.82743E-05
20060323,2.15768E-05
20060324,2.00767E-05
20060327,5.74612E-06
20060328,0.000174254
20060329,1.80933E-05
20060330,5.31327E-05
20060331,2.10201E-05
20060403,1.49236E-05
20060404,4.32697E-05
20060405,2.2794E-05
20060406,1.30458E-05
20060407,9.59937E-05
20060410,1.44193E-05
20060411,7.76586E-05
20060412,2.16603E-05
20060413,4.3354E-05
20060417,2.7015E-05
20060418,0.000380277
20060419,6.62656E-05
20060420,9.92405E-05
20060421,4.44527E-05
20060424,1.42099E-05
20060425,5.12847E-05
20060426,3.80005E-05
20060427,0.000624439
20060428,3.11308E-05
20060501,0.000182574
20060502,1.7756E-05
20060503,3.52243E-05
20060504,9.76161E-06
20060505,1.07274E-05
20060508,1.18453E-06
20060509,1.06983E-06
20060510,5.18068E-05
20060511,4.69683E-05
20060512,0.000287277
20060515,0.000128266
20060516,2.89589E-05
20060517,0.000264284
20060518,0.000258064
20060519,0.000292112
20060522,0.000333368
20060523,0.000162381
20060524,0.000854389
20060525,3.7591E-05
20060526,9.57165E-06
20060530,4.06012E-05
20060531,0.000158585
20060601,0.000145072
20060602,0.00024619
20060605,0.000130586
20060606,0.000329982
20060607,0.00017803
20060608,0.000741592
20060609,0.000189567
20060612,0.000120778
20060613,0.000936949
20060614,0.0002458
20060615,0.000115486
20060616,6.89698E-05
20060619,0.000105299
20060620,7.68849E-05
20060621,8.88082E-05
20060622,4.26913E-05
20060623,6.31609E-05
20060626,1.85008E-05
20060627,4.95348E-05
20060628,1.70236E-05
20060629,0.000492917
20060630,1.59342E-05
20060705,3.16637E-05
20060706,1.07445E-05
20060707,3.9611E-05
20060710,1.51626E-05
20060711,7.56949E-05
20060712,3.41883E-05
20060713,7.62025E-05
20060714,0.000293552
20060717,0.00013432
20060718,0.000230669
20060719,0.000845094
20060720,7.08461E-05
20060721,0.000792618
20060724,6.08287E-05
20060725,0.000200072
20060726,8.13056E-05
20060727,0.000128144
20060728,7.53569E-05
20060731,1.21414E-05
20060801,7.99461E-05
20060802,4.09049E-05
20060803,3.61233E-05
20060804,0.000132152
20060807,1.34081E-05
20060808,0.001705596
20060809,3.3016E-05
20060810,7.81829E-05
20060811,2.13992E-05
20060814,1.01838E-05
20060815,2.97056E-05
20060816,1.01394E-05
20060817,8.03918E-06
20060818,1.23306E-05
20060821,6.58211E-06
20060822,1.17373E-05
20060823,1.30551E-05
20060824,1.0958E-05
20060825,4.35518E-06
20060828,8.31732E-06
20060829,1.37811E-05
20060830,8.63022E-06
20060831,4.64688E-06
20060901,7.61479E-06
20060905,4.94439E-06
20060906,8.0696E-06
20060907,4.12804E-05
20060908,1.78042E-05
20060911,1.863E-05
20060912,1.08462E-05
20060913,7.65756E-06
20060914,6.0511E-06
20060915,9.48737E-06
20060918,2.43577E-05
20060919,1.45389E-05
20060920,3.18863E-05
20060921,3.35903E-05
20060922,2.27158E-05
20060925,4.00545E-05
20060926,3.61292E-05
20060927,3.89293E-05
20060928,7.44165E-06
20060929,6.20778E-06
20061002,1.43526E-05
20061003,2.21665E-05
20061004,2.08332E-05
20061005,5.80445E-06
20061006,1.61267E-05
20061009,3.80006E-06
20061010,7.97529E-06
20061011,1.31386E-05
20061012,4.62657E-06
20061013,3.28889E-06
20061016,1.14351E-06
20061017,9.75997E-06
20061018,4.08324E-05
20061019,4.51886E-06
20061020,2.02578E-06
20061023,2.41426E-05
20061024,1.96123E-05
20061025,8.03142E-05
20061026,1.89648E-05
20061027,2.59248E-05
20061030,9.27774E-06
20061031,2.46924E-05
20061101,1.64167E-05
20061102,9.7437E-06
20061103,4.02052E-05
20061106,1.14384E-05
20061107,2.64673E-05
20061108,6.43662E-05
20061109,3.64301E-05
20061110,9.39777E-06
20061113,1.5382E-05
20061114,6.16245E-05
20061115,1.13767E-05
20061116,6.82637E-06
20061117,9.91331E-06
20061120,1.18802E-05
20061121,3.38457E-06
20061122,3.69339E-05
20061127,7.99993E-05
20061128,7.1455E-05
20061129,5.29672E-05
20061130,0.000292011
20061201,0.000179652
20061204,1.988E-05
20061205,2.52659E-05
20061206,3.52684E-06
20061207,3.19333E-05
20061208,3.82664E-05
20061211,4.51451E-06
20061212,3.54188E-05
20061213,1.16675E-05
20061214,4.5454E-05
20061215,1.06729E-05
20061218,4.39288E-06
20061219,3.21393E-05
20061220,3.32039E-06
20061221,1.40038E-05
20061222,3.48411E-05
20061226,5.44168E-06
20061227,7.1294E-06
20061228,6.33279E-06
20061229,7.66171E-05
20070103,6.70996E-05
20070104,7.63064E-05
20070105,6.72872E-05
20070108,3.94914E-05
20070109,3.96511E-05
20070110,3.90973E-05
20070111,8.14238E-06
20070112,6.79894E-06
20070116,9.61071E-06
20070117,3.74254E-05
20070118,2.40322E-05
20070119,5.19189E-06
20070122,1.28159E-05
20070123,1.46491E-05
20070124,5.37348E-06
20070125,2.2455E-05
20070126,0.00013374
20070129,2.04262E-05
20070130,1.13165E-05
20070131,0.000152237
20070201,1.06776E-05
20070202,7.82038E-06
20070205,4.62782E-06
20070206,3.8915E-06
20070207,4.25501E-06
20070208,1.48617E-05
20070209,3.44151E-05
20070212,6.9385E-06
20070213,5.12658E-06
20070214,6.14609E-05
20070215,4.09777E-06
20070216,1.49699E-06
20070220,1.28876E-05
20070221,9.62336E-06
20070222,4.26174E-05
20070223,8.02589E-06
20070226,6.0806E-06
20070227,0.002757659
20070228,0.000505216
20070301,0.000868095
20070302,0.000120113
20070305,0.000812881
20070306,7.1861E-05
20070307,3.38567E-05
20070308,2.60327E-05
20070309,6.71324E-05
20070312,2.86981E-05
20070313,0.000137081
20070314,0.000754963
20070315,9.69876E-05
20070316,1.89008E-05
20070319,3.88281E-05
20070320,1.65388E-05
20070321,0.000644655
20070322,1.49245E-05
20070323,7.27714E-05
20070326,0.000300174
20070327,2.67886E-05
20070328,0.000223854
20070329,8.91014E-05
20070330,0.000152424
20070402,2.52468E-05
20070403,0.000133421
20070404,9.64667E-06
20070405,2.97888E-06
20070409,8.23724E-06
20070410,7.62817E-06
20070411,2.31106E-05
20070412,2.26021E-05
20070413,2.28632E-05
20070416,4.83026E-06
20070417,1.23394E-05
20070418,6.42448E-06
20070419,1.65115E-05
20070420,1.00761E-05
20070423,7.6839E-06
20070424,3.90863E-05
20070425,8.11803E-06
20070426,9.67978E-06
20070427,1.88462E-05
20070430,2.12699E-05
20070501,6.04487E-05
20070502,8.48642E-06
20070503,1.41252E-05
20070504,1.02126E-05
20070507,2.63321E-06
20070508,5.10949E-06
20070509,2.92455E-05
20070510,5.02082E-05
20070511,1.57786E-05
20070514,3.3043E-05
20070515,7.97564E-05
20070516,1.35608E-05
20070517,9.96319E-06
20070518,6.66348E-06
20070521,9.80188E-06
20070522,1.76808E-05
20070523,2.98153E-05
20070524,0.000135669
20070525,1.2819E-05
20070529,3.29325E-05
20070530,4.01622E-05
20070531,7.90188E-06
20070601,1.51911E-05
20070604,3.82606E-06
20070605,2.096E-05
20070606,2.63278E-05
20070607,0.000217484
20070608,0.000108114
20070611,1.85498E-05
20070612,9.85848E-05
20070613,0.000117959
20070614,2.74563E-05
20070615,6.45322E-06
20070618,2.79259E-05
20070619,1.41939E-05
20070620,8.22086E-05
20070621,0.000278629
20070622,0.00020204
20070625,0.00111872
20070626,0.000183105
20070627,0.000138953
20070628,0.000348252
20070629,0.000268597
20070702,1.63095E-05
20070705,2.17131E-05
20070706,7.36416E-06
20070709,9.20071E-06
20070710,0.000146235
20070711,0.000151359
20070712,3.13797E-05
20070713,1.78882E-05
20070716,1.35958E-05
20070717,2.96787E-05
20070718,0.000233011
20070719,1.30214E-05
20070720,0.000296287
20070723,1.6075E-05
20070724,0.000147203
20070725,0.000611198
20070726,0.002192211
20070727,0.001266279
20070730,0.000713568
20070731,0.00033424
20070801,0.003079056
20070802,0.000841415
20070803,0.001060345
20070806,0.001683966
20070807,0.003393876
20070808,0.000720862
20070809,0.002633906
20070810,0.006724242
20070813,0.000303374
20070814,0.000976411
20070815,0.001912974
20070816,0.009963383
20070817,0.001649623
20070820,0.000465643
20070821,0.00030925
20070822,0.000187125
20070823,0.000267787
20070824,7.40934E-05
20070827,4.01134E-05
20070828,6.42678E-05
20070829,0.000158426
20070830,0.000159872
20070831,0.000264968
20070904,6.20133E-05
20070905,8.39555E-05
20070906,7.75155E-05
20070907,0.00042763
20070910,0.000502832
20070911,0.000150756
20070912,7.21593E-05
20070913,4.22146E-05
20070914,5.83924E-05
20070917,2.36771E-05
20070918,0.014561988
20070919,6.91436E-05
20070920,5.10108E-05
20070921,1.62392E-05
20070924,6.87868E-05
20070925,4.23534E-05
20070926,3.84826E-05
20070927,1.66419E-05
20070928,2.08983E-05
20071001,4.044E-05
20071002,1.88184E-05
20071003,1.87426E-05
20071004,9.67355E-06
20071005,2.95795E-05
20071008,8.01659E-06
20071009,4.87327E-05
20071010,2.21518E-05
20071011,0.000427677
20071012,3.05971E-05
20071015,7.50621E-05
20071016,5.94049E-05
20071017,0.00027744
20071018,8.5967E-05
20071019,0.000396501
20071022,0.000235538
20071023,0.000142822
20071024,0.000974942
20071025,0.00078213
20071026,4.54737E-05
20071029,3.88781E-05
20071030,1.56232E-05
20071031,0.001535964
20071101,0.000949573
20071102,0.001671129
20071105,0.001024296
20071106,0.000152695
20071107,0.001456251
20071108,0.004452322
20071109,0.001354052
20071112,0.001133406
20071113,0.000332295
20071114,0.000592779
20071115,0.001388469
20071116,0.000801353
20071119,0.000323952
20071120,0.003145754
20071121,0.001553899
20071126,0.000573563
20071127,0.002314855
20071128,0.00021076
20071129,0.000538637
20071130,0.000282236
20071203,0.000233908
20071204,9.23366E-05
20071205,0.000233967
20071206,6.80816E-05
20071207,2.94708E-05
20071210,3.04761E-05
20071211,0.01024513
20071212,0.003392647
20071213,0.000980373
20071214,0.000174076
20071217,0.000248155
20071218,0.000363379
20071219,0.000380889
20071220,0.000166477
20071221,3.33611E-05
20071226,8.36616E-06
20071227,4.13228E-05
20071228,0.00032936
20071231,7.83918E-05
20080102,0.000800533
20080103,8.36027E-05
20080104,0.000443619
20080107,0.000843373
20080108,0.001847142
20080109,0.002087776
20080110,0.007408787
20080111,0.000651137
20080114,7.22196E-05
20080115,0.000345502
20080116,0.003234029
20080117,0.006003615
20080118,0.003750591
20080122,0.018139945
20080123,0.01825565
20080124,0.003491815
20080125,0.003212789
20080128,0.001901972
20080129,0.000312457
20080130,0.010788771
20080131,0.010762595
20080201,0.001342869
20080204,0.000139032
20080205,0.000845707
20080206,0.000813849
20080207,0.003768203
20080208,0.000873726
20080211,0.000327946
20080212,0.000842972
20080213,0.00023124
20080214,0.000635666
20080215,0.000248355
20080219,0.000234053
20080220,0.001094915
20080221,0.000499845
20080222,0.001452379
20080225,0.007314574
20080226,0.00021307
20080227,0.000527584
20080228,0.00054859
20080229,0.000473408
20080303,0.000424909
20080304,0.001029478
20080305,0.001203269
20080306,0.000835781
20080307,0.002509788
20080310,0.000548693
20080311,0.000661855
20080312,0.000394937
20080313,0.00442522
20080314,0.022086673
20080317,0.004613112
20080318,0.002028091
20080319,0.001454081
20080320,0.000844913
20080324,0.000318008
20080325,0.000378747
20080326,0.000255397
20080327,0.000775417
20080328,0.000213936
20080331,0.000446866
20080401,0.000268464
20080402,0.000264171
20080403,0.000171633
20080404,0.000153139
20080407,0.000151924
20080408,7.70584E-05
20080409,0.00015479
20080410,0.000275529
20080411,0.000146182
20080414,0.000138802
20080415,0.000211671
20080416,0.000107054
20080417,0.000129226
20080418,9.29387E-05
20080421,4.33184E-05
20080422,8.12488E-05
20080423,0.000140066
20080424,0.000694416
20080425,0.000256459
20080428,7.72198E-05
20080429,5.28969E-05
20080430,0.001228225
20080501,0.000179028
20080502,0.000354358
20080505,7.01625E-05
20080506,8.9392E-05
20080507,9.95519E-05
20080508,0.000197698
20080509,8.18756E-05
20080512,6.33435E-05
20080513,2.80776E-05
20080514,6.86589E-05
20080515,7.11489E-05
20080516,5.297E-05
20080519,0.000137726
20080520,8.1404E-05
20080521,0.00027376
20080522,8.35171E-05
20080523,0.000178343
20080527,0.000143531
20080528,0.00017465
20080529,0.000118965
20080530,0.000302822
20080602,0.000110979
20080603,0.000439064
20080604,0.000415288
20080605,0.000269998
20080606,0.000637871
20080609,0.000418291
20080610,0.000508317
20080611,0.000485195
20080612,0.000176097
20080613,0.001118004
20080616,0.00010006
20080617,0.000193901
20080618,0.000274917
20080619,0.000195397
20080620,0.000284039
20080623,0.000174608
20080624,0.000272401
20080625,0.00053252
20080626,0.00030231
20080627,0.000374935
20080630,0.000253825
20080701,0.001474405
20080702,0.000559278
20080707,0.002080534
20080708,0.00068841
20080709,0.001611768
20080710,0.002228504
20080711,0.013818059
20080714,0.00116487
20080715,0.002376646
20080716,0.002995152
20080717,0.000746338
20080718,0.000284816
20080721,7.6721E-05
20080722,0.000407376
20080723,0.000355275
20080724,0.000195444
20080725,0.000577263
20080728,0.000190074
20080729,0.000208836
20080730,0.000509648
20080731,0.000293539
20080801,0.000607566
20080804,0.000224706
20080805,0.000368683
20080806,0.000126364
20080807,0.000325079
20080808,0.00033952
20080811,0.00014562
20080812,0.000181927
20080813,0.000418307
20080814,0.000270221
20080815,0.000423516
20080818,0.000352546
20080819,0.00018666
20080820,0.000389177
20080821,0.00032999
20080822,0.000114307
20080825,0.000319374
20080826,0.000240133
20080827,0.000125948
20080828,8.47446E-05
20080829,9.89382E-05
20080902,0.000407387
20080903,0.000420196
20080904,0.001197705
20080905,0.00089286
20080908,0.003101951
20080909,0.000916886
20080910,0.001230428
20080911,0.00239222
20080912,0.001117891
20080915,0.011264848
20080916,0.093614397
20080917,0.017389653
20080918,0.094425749
20080919,0.006549718
20080922,0.002420012
20080923,0.005050051
20080924,0.003653898
20080925,0.002651124
20080926,0.002706527
20080929,0.630569104
20080930,0.007297157
20081001,0.011139041
20081002,0.004655313
20081003,0.046417875
20081006,0.067850772
20081007,0.025047159
20081008,0.199253832
20081009,0.128859803
20081010,2.439756922
20081013,0.054788536
20081014,0.105148395
20081015,0.069844083
20081016,0.346895199
20081017,0.061550395
20081020,0.01182378
20081021,0.018354066
20081022,0.041510458
20081023,0.53946591
20081024,0.302096268
20081027,0.100236348
20081028,0.12593405
20081029,0.578190189
20081030,0.031865552
20081031,0.059859313
20081103,0.001838862
20081104,0.003466739
20081105,0.013095114
20081106,0.018817315
20081107,0.020363489
20081110,0.013052918
20081111,0.025754039
20081112,0.007549341
20081113,0.301289435
20081114,0.134043876
20081117,0.038795333
20081118,0.073951536
20081119,0.047714103
20081120,0.210595113
20081121,0.2153794
20081124,0.049167527
20081125,0.050937247
20081126,0.014903513
20081201,0.019875285
20081202,0.065835264
20081203,0.023043475
20081204,0.02342723
20081205,0.044261832
20081208,0.014260727
20081209,0.0157604
20081210,0.008856714
20081211,0.00582415
20081212,0.016685982
20081215,0.008798771
20081216,0.02012186
20081217,0.009535393
20081218,0.018951322
20081219,0.003083151
20081222,0.003416038
20081223,0.004187402
20081226,7.22524E-05
20081229,0.001002029
20081230,0.001170436
20081231,0.00125586
20090102,0.001948642
20090105,0.000691889
20090106,0.001492679
20090107,0.000931113
20090108,0.001773795
20090109,0.00270297
20090112,0.001279245
20090113,0.002783075
20090114,0.002944114
20090115,0.012156437
20090116,0.004854529
20090119,0.000160915
20090120,0.013958241
20090121,0.007690031
20090122,0.029518294
20090123,0.018402817
20090126,0.008825234
20090127,0.00541687
20090128,0.003234249
20090129,0.002828107
20090130,0.002865994
20090202,0.001962714
20090203,0.00249841
20090204,0.002212602
20090205,0.003807406
20090206,0.004988149
20090209,0.002483273
20090210,0.031470047
20090211,0.003764133
20090212,0.014625838
20090213,0.007467404
20090217,0.015010482
20090218,0.008038287
20090219,0.003310924
20090220,0.011034729
20090223,0.004510986
20090224,0.011538094
20090225,0.012248096
20090226,0.005400058
20090227,0.011929778
20090302,0.004950096
20090303,0.010297797
20090304,0.003979817
20090305,0.01004544
20090306,0.049124621
20090309,0.011903629
20090310,0.007235815
20090311,0.006562561
20090312,0.004087512
20090313,0.005589197
20090316,0.005889455
20090317,0.004497873
20090318,0.083737926
20090319,0.006917511
20090320,0.002383117
20090323,0.003491416
20090324,0.001692908
20090325,0.011352118
20090326,0.006094293
20090327,0.001717973
20090330,0.002374509
20090331,0.004444567
20090401,0.004828126
20090402,0.001882325
20090403,0.002357042
20090406,0.002385815
20090407,0.001166109
20090408,0.001238576
20090409,0.001064612
20090413,0.000963281
20090414,0.001058465
20090415,0.000753117
20090416,0.001657074
20090417,0.000564189
20090420,0.000624103
20090421,0.001433451
20090422,0.003263348
20090423,0.003683963
20090424,0.001227142
20090427,0.003554915
20090428,0.000967556
20090429,0.002601219
20090430,0.002327173
20090501,0.001021037
20090504,0.002221722
20090505,0.00037821
20090506,0.001510131
20090507,0.003058032
20090508,0.001226935
20090511,0.000454806
20090512,0.000947062
20090513,0.001160656
20090514,0.000728011
20090515,0.000609649
20090518,0.000267169
20090519,0.000886674
20090520,0.00102327
20090521,0.000658771
20090522,0.000646601
20090526,0.004709687
20090527,0.001370047
20090528,0.002503101
20090529,0.010666247
20090601,0.000612667
20090602,0.000712174
20090603,0.000745762
20090604,0.000330019
20090605,0.003613556
20090608,0.00106467
20090609,0.000215312
20090610,0.001072629
20090611,0.001064225
20090612,0.000427892
20090615,0.000387107
20090616,0.000455973
20090617,0.000740164
20090618,0.000735632
20090619,0.00016433
20090622,0.000605465
20090623,0.000560936
20090624,0.001830074
20090625,0.000676894
20090626,0.000393693
20090629,0.00019376
20090630,0.000666771
20090701,0.000703837
20090702,0.000429651
20090706,0.000297245
20090707,0.000251245
20090708,0.00101712
20090709,0.000445402
20090710,0.001342973
20090713,0.001353723
20090714,0.000181376
20090715,0.000122729
20090716,0.000431647
20090717,9.27446E-05
20090720,0.000367462
20090721,0.000345051
20090722,0.000244541
20090723,0.000779109
20090724,0.000365877
20090727,0.000596004
20090728,0.000769716
20090729,0.000268088
20090730,0.000515683
20090731,0.000340758
20090803,0.000432905
20090804,8.24771E-05
20090805,0.000418292
20090806,0.000190231
20090807,0.000290649
20090810,5.57441E-05
20090811,0.000172237
20090812,0.000816052
20090813,0.000593191
20090814,0.000473254
20090817,0.000514639
20090818,0.000119723
20090819,0.0004895
20090820,2.55096E-05
20090821,0.001084089
20090824,0.000212889
20090825,0.000496417
20090826,0.000213077
20090827,0.00011442
20090828,0.000247683
20090831,0.000119098
20090901,0.000798444
20090902,0.000319787
20090903,6.50527E-05
20090904,0.000248287
20090908,5.93902E-05
20090909,0.00012147
20090910,0.000184266
20090911,0.000237278
20090914,0.000244752
20090915,0.000185364
20090916,5.76957E-05
20090917,0.000207997
20090918,7.4627E-05
20090921,0.000161084
20090922,4.39688E-05
20090923,0.000653523
20090924,0.000703093
20090925,0.000338663
20090928,0.000207496
20090929,0.001443686
20090930,0.001930581
20091001,0.000478708
20091002,0.000417747
20091005,0.00059181
20091006,0.000210735
20091007,0.000175071
20091008,0.000141887
20091009,2.29648E-05
20091012,2.51893E-05
20091013,0.000139157
20091014,7.3281E-05
20091015,2.69937E-05
20091016,0.000212679
20091019,7.2962E-05
20091020,0.000133493
20091021,0.000648344
20091022,0.000222863
20091023,0.00050901
20091026,0.00292253
20091027,0.001102754
20091028,0.000498654
20091029,0.000224618
20091030,0.002695233
20091102,0.005787054
20091103,0.000724477
20091104,0.001502344
20091105,0.000539925
20091106,0.000574582
20091109,3.99042E-05
20091110,7.73847E-05
20091111,0.000191541
20091112,0.000219537
20091113,0.000273334
20091116,0.000173435
20091117,4.93227E-05
20091118,0.000101121
20091119,0.000334313
20091120,6.1993E-05
20091123,4.88978E-05
20091124,0.000113398
20091125,1.51224E-05
20091127,0.000292608
20091130,0.00013874
20091201,8.90831E-05
20091202,0.00013947
20091203,0.000288553
20091204,0.000436809
20091207,0.000143714
20091208,0.000113978
20091209,0.000155114
20091210,2.53781E-05
20091211,0.000102386
20091214,1.43287E-05
20091215,3.36377E-05
20091216,6.90734E-05
20091217,6.4137E-05
20091218,3.52435E-05
20091221,2.84385E-05
20091222,9.77471E-05
20091223,2.66032E-05
20091224,8.02971E-06
20091228,1.81187E-05
20091229,4.62058E-06
20091230,2.1894E-05
20091231,5.09862E-05
20100104,5.02221E-05
20100105,2.17339E-05
20100106,1.64681E-05
20100107,3.58706E-05
20100108,4.68529E-05
20100111,5.54033E-05
20100112,2.90481E-05
20100113,5.36528E-05
20100114,2.24565E-05
20100115,3.16379E-05
20100119,2.95641E-05
20100120,8.64785E-05
20100121,0.002184944
20100122,0.000458591
20100125,0.000230443
20100126,0.000300561
20100127,0.000372971
20100128,0.001862436
20100129,0.000906799
20100201,0.000131371
20100202,0.000126102
20100203,0.000139521
20100204,0.000560848
20100205,0.003672101
20100208,0.000204011
20100209,0.002104043
20100210,0.000352363
20100211,0.000426811
20100212,0.000419134
20100216,6.65825E-05
20100217,8.51237E-05
20100218,7.63474E-05
20100219,6.21801E-05
20100222,0.000124822
20100223,0.000970931
20100224,0.00024169
20100225,0.000203218
20100226,0.000169164
20100301,2.66783E-05
20100302,2.65338E-05
20100303,2.75652E-05
20100304,9.48015E-05
20100305,3.21947E-05
20100308,2.32953E-05
20100309,2.85279E-05
20100310,7.49861E-05
20100311,3.95338E-05
20100312,3.35292E-05
20100315,4.99212E-05
20100316,4.89176E-05
20100317,4.70449E-05
20100318,2.85586E-05
20100319,7.14693E-05
20100322,5.61284E-05
20100323,3.58901E-05
20100324,5.53813E-05
20100325,9.66568E-05
20100326,0.000104763
20100329,7.67738E-06
20100330,4.45823E-05
20100331,9.90728E-05
20100401,1.93354E-05
20100405,2.02044E-05
20100406,7.64773E-06
20100407,4.76529E-05
20100408,1.49803E-05
20100409,3.29071E-05
20100412,1.6655E-05
20100413,2.75713E-05
20100414,1.96899E-05
20100415,9.40952E-06
20100416,0.001583881
20100419,8.10701E-05
20100420,1.27066E-05
20100421,3.55166E-05
20100422,8.63799E-05
20100423,0.00010079
20100426,4.48305E-05
20100427,0.000950806
20100428,0.000289795
20100429,4.92931E-05
20100430,0.000338049
20100503,7.28825E-05
20100504,0.000624164
20100505,0.00071996
20100506,0.766432966
20100507,0.025250981
20100510,0.0016135
20100511,0.000452702
20100512,0.000341037
20100513,0.00030526
20100514,0.001468566
20100517,0.002750843
20100518,0.001357413
20100519,0.003114216
20100520,0.007617692
20100521,0.008620102
20100524,0.00096426
20100525,0.004363953
20100526,0.001484406
20100527,0.000480948
20100528,0.005740686
20100601,0.001866774
20100602,0.000443321
20100603,0.000450353
20100604,0.000930387
20100607,0.000538385
20100608,0.00193656
20100609,0.000693968
20100610,0.0005768
20100611,0.000378943
20100614,0.000217306
20100615,9.49863E-05
20100616,0.00022863
20100617,0.000360967
20100618,5.47294E-05
20100621,0.000279731
20100622,0.000419025
20100623,0.002436407
20100624,0.000431011
20100625,0.000700029
20100628,0.000162157
20100629,0.003535157
20100630,0.000584882
20100701,0.003566977
20100702,0.001483539
20100706,0.000987141
20100707,0.000481423
20100708,0.000444125
20100709,0.000112124
20100712,0.000151278
20100713,0.000167331
20100714,0.000224251
20100715,0.001108801
20100716,0.000591874
20100719,0.000183481
20100720,0.000374618
20100721,0.000689261
20100722,0.000652724
20100723,0.000333889
20100726,0.000655371
20100727,0.000181701
20100728,0.000126619
20100729,0.000344245
20100730,0.000776856
20100802,0.000184486
20100803,9.02396E-05
20100804,0.000194591
20100805,4.91805E-05
20100806,0.000262355
20100809,1.90759E-05
20100810,0.000521458
20100811,0.00010799
20100812,0.000246837
20100813,0.000216425
20100816,0.000147943
20100817,7.74209E-05
20100818,0.000104152
20100819,0.003255851
20100820,9.31418E-05
20100823,0.00016094
20100824,0.000219407
20100825,0.000403022
20100826,0.000496093
20100827,0.000820054
20100830,0.000133586
20100831,0.002133493
20100901,0.005954788
20100902,2.96684E-05
20100903,9.77545E-05
20100907,0.000176481
20100908,0.000105941
20100909,6.36465E-05
20100910,1.89667E-05
20100913,4.88957E-05
20100914,8.97228E-05
20100915,4.87325E-05
20100916,2.60674E-05
20100917,8.67604E-05
20100920,5.28119E-05
20100921,0.000313609
20100922,0.000140899
20100923,0.00016184
20100924,6.21528E-05
20100927,3.56292E-05
20100928,0.000151223
20100929,0.000226611
20100930,0.000493701
20101001,0.000397686
20101004,0.000130188
20101005,5.37304E-05
20101006,3.32208E-05
20101007,0.000106205
20101008,6.57757E-05
20101011,3.63135E-05
20101012,0.000176044
20101013,7.44598E-05
20101014,0.000133228
20101015,0.000104742
20101018,4.90518E-05
20101019,0.000665997
20101020,0.000308236
20101021,0.000328234
20101022,1.84721E-05
20101025,4.17161E-05
20101026,5.14089E-05
20101027,6.29532E-05
20101028,5.3146E-05
20101029,6.93511E-05
20101101,0.000124614
20101102,1.53082E-05
20101103,0.001022874
20101104,3.55132E-05
20101105,6.82177E-05
20101108,1.56061E-05
20101109,0.000139029
20101110,8.19406E-05
20101111,0.000141026
20101112,0.000106795
20101115,4.59004E-05
20101116,0.000410362
20101117,0.000107393
20101118,8.85401E-05
20101119,4.52553E-05
20101122,0.000183496
20101123,0.000119919
20101124,3.22947E-05
20101126,3.58819E-05
20101129,0.000248198
20101130,0.000114217
20101201,0.000133411
20101202,2.3726E-05
20101203,2.91273E-05
20101206,1.16357E-05
20101207,0.000194919
20101208,3.42017E-05
20101209,1.64766E-05
20101210,9.99178E-06
20101213,2.87498E-05
20101214,4.39872E-05
20101215,2.17195E-05
20101216,4.3674E-05
20101217,4.50661E-06
20101220,7.00106E-06
20101221,1.52319E-06
20101222,1.24554E-06
20101223,3.28972E-06
20101227,4.56036E-06
20101228,3.35163E-06
20101229,1.12637E-06
20101230,5.9849E-06
20101231,1.87797E-05
20110103,1.32638E-05
20110104,1.56865E-05
20110105,1.3872E-05
20110106,3.02103E-05
20110107,9.7043E-05
20110110,5.44885E-05
20110111,2.75674E-05
20110112,3.80484E-06
20110113,2.3366E-05
20110114,1.23533E-05
20110118,1.70444E-05
20110119,2.47658E-05
20110120,7.39479E-05
20110121,1.7487E-05
20110124,1.11899E-05
20110125,8.93241E-05
20110126,4.24239E-05
20110127,1.92801E-05
20110128,0.000139816
20110131,4.61041E-05
20110201,1.29795E-05
20110202,6.12121E-06
20110203,8.13781E-05
20110204,6.04402E-05
20110207,2.05598E-05
20110208,1.13227E-05
20110209,3.01953E-05
20110210,0.000139322
20110211,2.60533E-05
20110214,8.75234E-06
20110215,1.16529E-05
20110216,4.8099E-05
20110217,1.69648E-05
20110218,6.60837E-06
20110221,5.51432E-06
20110222,0.000113414
20110223,0.000369477
20110224,0.000227615
20110225,3.15046E-05
20110228,1.37001E-05
20110301,0.000138808
20110302,6.61718E-05
20110303,2.62963E-05
20110304,0.00018118
20110307,0.00017782
20110308,8.51144E-05
20110309,0.000145327
20110310,0.00020484
20110311,0.000103617
20110314,0.000313684
20110315,0.000685385
20110316,0.001132666
20110317,0.000279761
20110318,0.000138353
20110321,2.36972E-05
20110322,2.65073E-05
20110323,7.17047E-05
20110324,4.02533E-05
20110325,2.13484E-05
20110328,7.67336E-06
20110329,2.30683E-05
20110330,2.45587E-05
20110331,1.60597E-05
20110401,3.49806E-05
20110404,2.54989E-05
20110405,1.72639E-05
20110406,1.37934E-05
20110407,0.000265889
20110408,2.09452E-05
20110411,2.66808E-05
20110412,5.47711E-05
20110413,6.90551E-05
20110414,6.02053E-05
20110415,5.50129E-05
20110418,6.11918E-05
20110419,1.60793E-05
20110420,6.79102E-06
20110421,5.64484E-06
20110425,2.03388E-05
20110426,1.32202E-05
20110427,2.39128E-05
20110428,7.29121E-06
20110429,4.44214E-06
20110502,2.51191E-05
20110503,3.29994E-05
20110504,0.000199349
20110505,0.00024629
20110506,0.000243433
20110509,2.89725E-05
20110510,1.17028E-05
20110511,7.54047E-05
20110512,0.000151596
20110513,8.04751E-05
20110516,7.07524E-05
20110517,0.000157927
20110518,3.07331E-05
20110519,6.02234E-05
20110520,6.2146E-05
20110523,5.80676E-05
20110524,3.16583E-05
20110525,5.28527E-05
20110526,6.79775E-05
20110527,7.69209E-05
20110531,3.44697E-05
20110601,0.000119079
20110602,0.000159391
20110603,0.000107678
20110606,5.70546E-05
20110607,6.20086E-05
20110608,0.000147032
20110609,3.69916E-05
20110610,0.000176773
20110613,7.45457E-05
20110614,1.74591E-05
20110615,0.000164943
20110616,0.000250436
20110617,0.000191894
20110620,5.51261E-05
20110621,2.48747E-05
20110622,3.98777E-05
20110623,0.003859249
20110624,0.000111938
20110627,0.000126907
20110628,3.58215E-05
20110629,5.41219E-05
20110630,9.0043E-05
20110701,0.00091659
20110705,9.04529E-05
20110706,2.70043E-05
20110707,5.23869E-06
20110708,8.03751E-05
20110711,8.49528E-05
20110712,0.000228439
20110713,0.000189169
20110714,0.000355737
20110715,0.00017571
20110718,0.000109816
20110719,0.000135332
20110720,2.50551E-05
20110721,0.000244452
20110722,3.78474E-05
20110725,6.8254E-05
20110726,3.21673E-05
20110727,0.000214902
20110728,0.00010106
20110729,0.001017184
20110801,0.016917106
20110802,0.000452725
20110803,0.002163407
20110804,0.003555281
20110805,0.039869275
20110808,0.01990384
20110809,0.314077911
20110810,0.025147296
20110811,0.008773664
20110812,0.004343699
20110815,0.000178763
20110816,0.001247051
20110817,0.00025467
20110818,0.014402394
20110819,0.005820973
20110822,0.001415307
20110823,0.002311522
20110824,0.001019987
20110825,0.078003025
20110826,0.008170539
20110829,8.96828E-05
20110830,0.003561361
20110831,0.000796818
20110901,0.011032944
20110902,0.000448498
20110906,0.000696453
20110907,0.000270485
20110908,0.001283783
20110909,0.002392295
20110912,0.002888827
20110913,0.001796785
20110914,0.00332535
20110915,0.00073345
20110916,0.000248259
20110919,0.000502421
20110920,0.000395505
20110921,0.001886686
20110922,0.011962582
20110923,0.004999602
20110926,0.003369472
20110927,0.001935555
20110928,0.003943068
20110929,0.004384667
20110930,0.003553652
20111003,0.008131957
20111004,0.017302407
20111005,0.003327901
20111006,0.001498498
20111007,0.001608501
20111010,0.00031109
20111011,0.000470513
20111012,0.000909869
20111013,0.000733827
20111014,0.00026999
20111017,0.000707101
20111018,0.002547813
20111019,0.000792668
20111020,0.001617355
20111021,0.00035183
20111024,0.00023202
20111025,0.00072798
20111026,0.001053616
20111027,0.000766482
20111028,0.000232242
20111031,0.0009892
20111101,0.003492722
20111102,0.000540486
20111103,0.003371348
20111104,0.000324186
20111107,0.000651854
20111108,0.000419396
20111109,0.001120743
20111110,0.001307018
20111111,0.000112231
20111114,0.000209934
20111115,0.000381278
20111116,0.00098783
20111117,0.003734533
20111118,0.000356422
20111121,0.000528031
20111122,0.001358266
20111123,0.002644379
20111125,0.000852004
20111128,0.000920671
20111129,0.000305221
20111130,0.000403223
20111201,0.00013761
20111202,0.000389201
20111205,0.000498069
20111206,9.93333E-05
20111207,0.000372043
20111208,0.00173492
20111209,0.000262803
20111212,0.000214555
20111213,0.000849833
20111214,0.001184651
20111215,0.000159387
20111216,0.000191374
20111219,0.00058864
20111220,0.000201297
20111221,0.000304575
20111222,6.25875E-05
20111223,1.87031E-05
20111227,3.40119E-05
20111228,8.14358E-05
20111229,1.9338E-05
20111230,2.38128E-05
20120103,8.24497E-05
20120104,3.87025E-05
20120105,0.000194629
20120106,4.21054E-05
20120109,2.05429E-05
20120110,4.0734E-05
20120111,4.02274E-05
20120112,6.19006E-05
20120113,7.13268E-05
20120117,2.20299E-05
20120118,7.40058E-05
20120119,5.87555E-05
20120120,8.31128E-06
20120123,6.92137E-05
20120124,1.12427E-05
20120125,0.000102769
20120126,6.79575E-05
20120127,4.18778E-05
20120130,4.25553E-05
20120131,0.000194096
20120201,2.88943E-05
20120202,2.04428E-05
20120203,1.49113E-05
20120206,1.31286E-05
20120207,3.17899E-05
20120208,1.35397E-05
20120209,5.85006E-05
20120210,3.70474E-05
20120213,9.46679E-06
20120214,3.33269E-05
20120215,0.000224837
20120216,5.09245E-05
20120217,6.93145E-06
20120221,4.7165E-05
20120222,2.27645E-05
20120223,2.32147E-05
20120224,7.76866E-06
20120227,4.46499E-05
20120228,4.81174E-05
20120229,0.000111401
20120301,0.000228417
20120302,3.36768E-05
20120305,4.05094E-05
20120306,2.51557E-05
20120307,1.6027E-05
20120308,1.42508E-05
20120309,1.75966E-05
20120312,2.28395E-05
20120313,5.50159E-05
20120314,3.3355E-05
20120315,3.35158E-05
20120316,4.49892E-06
20120319,1.67421E-05
20120320,6.27567E-05
20120321,3.71749E-05
20120322,3.28933E-05
20120323,2.11872E-05
20120326,4.73291E-06
20120327,1.62481E-05
20120328,5.64108E-05
20120329,4.36771E-05
20120330,2.10589E-05
20120402,3.04466E-05
20120403,0.00033048
20120404,3.79335E-05
20120405,4.61789E-05
20120409,1.45929E-05
20120410,0.000162002
20120411,1.80498E-05
20120412,2.2641E-05
20120413,7.03342E-05
20120416,0.000197477
20120417,2.83361E-05
20120418,2.97008E-05
20120419,0.000559065
20120420,1.69074E-05
20120423,5.16793E-05
20120424,5.61319E-05
20120425,6.35569E-05
20120426,2.45971E-05
20120427,5.24899E-05
20120430,2.66876E-05
20120501,0.001044091
20120502,3.50628E-05
20120503,0.00014532
20120504,0.000109094
20120507,0.000117672
20120508,0.000276527
20120509,0.000559406
20120510,0.000100804
20120511,9.8306E-05
20120514,0.000101269
20120515,0.000154602
20120516,0.000183848
20120517,0.000359914
20120518,0.000326821
20120521,0.000157018
20120522,0.000340665
20120523,0.000292888
20120524,0.000347612
20120525,0.000232512
20120529,8.78993E-05
20120530,0.000181839
20120531,0.000464856
20120601,0.000269267
20120604,0.000180733
20120605,0.000155309
20120606,0.000117845
20120607,0.000242473
20120608,7.53997E-05
20120611,0.000182049
20120612,0.00032326
20120613,0.000202322
20120614,0.000638386
20120615,2.60615E-05
20120618,0.000108246
20120619,6.76909E-05
20120620,0.000273317
20120621,0.000240183
20120622,5.38057E-05
20120625,4.47589E-05
20120626,0.000134521
20120627,5.92821E-05
20120628,0.00089964
20120629,1.78271E-05
20120702,0.000646648
20120705,3.75473E-05
20120706,4.85673E-05
20120709,5.81826E-05
20120710,0.000108491
20120711,0.000309023
20120712,6.90323E-05
20120713,9.78891E-05
20120716,3.97627E-05
20120717,0.00044501
20120718,4.30399E-05
20120719,3.7346E-05
20120720,1.89767E-05
20120723,9.73823E-05
20120724,0.000357677
20120725,0.000100738
20120726,9.16052E-05
20120727,0.000320975
20120730,8.29459E-05
20120731,6.33738E-05
20120801,0.000221505
20120802,0.000458724
20120803,2.00462E-05
20120806,2.40275E-05
20120807,5.97853E-06
20120808,1.17835E-05
20120809,2.68436E-05
20120810,2.45454E-05
20120813,1.54743E-05
20120814,2.58233E-05
20120815,9.01339E-06
20120816,1.29029E-05
20120817,3.57693E-06
20120820,1.36875E-05
20120821,3.53069E-05
20120822,0.00010151
20120823,6.22432E-05
20120824,8.40318E-05
20120827,1.88019E-05
20120828,4.77848E-05
20120829,1.17748E-05
20120830,2.47999E-05
20120831,0.000361598
20120904,9.54907E-05
20120905,1.73936E-05
20120906,6.14363E-05
20120907,5.30707E-06
20120910,7.05481E-06
20120911,1.11697E-05
20120912,1.13009E-05
20120913,0.000558164
20120914,4.35337E-05
20120917,9.19871E-06
20120918,1.30476E-05
20120919,5.46957E-05
20120920,2.15577E-05
20120921,6.13492E-06
20120924,7.84407E-06
20120925,3.91146E-05
20120926,7.68117E-05
20120927,4.46196E-05
20120928,5.53902E-05
20121001,0.000976848
20121002,0.000130851
20121003,6.46063E-05
20121004,2.4365E-05
20121005,5.67808E-05
20121008,1.82125E-05
20121009,5.08362E-05
20121010,4.07176E-05
20121011,3.41874E-05
20121012,6.73583E-05
20121015,2.14875E-05
20121016,1.19833E-05
20121017,1.7028E-05
20121018,5.94158E-05
20121019,0.000130563
20121022,7.19593E-05
20121023,9.68515E-05
20121024,5.86717E-05
20121025,9.73627E-05
20121026,0.000187876
20121031,0.000126744
20121101,2.51896E-05
20121102,6.79896E-05
20121105,3.39603E-05
20121106,6.97926E-05
20121107,0.000440374
20121108,0.000286224
20121109,0.00034839
20121112,6.0816E-05
20121113,0.000123415
20121114,0.000282869
20121115,0.000331139
20121116,0.00045046
20121119,0.000106536
20121120,0.000201171
20121121,1.01456E-05
20121126,3.63747E-05
20121127,0.000128197
20121128,0.000398826
20121129,0.000448758
20121130,4.78838E-05
20121203,9.55061E-05
20121204,9.81246E-05
20121205,8.19429E-05
20121206,3.26727E-05
20121207,4.41318E-05
20121210,2.62115E-05
20121211,1.487E-05
20121212,5.10669E-05
20121213,8.26962E-05
20121214,3.62577E-05
20121217,2.69113E-05
20121218,4.17626E-05
20121219,3.66943E-05
20121220,4.51639E-05
20121221,8.36376E-05
20121226,3.85325E-05
20121227,0.001097058
20121228,0.000290609
20121231,0.00065167
20130102,0.000106132
20130103,5.97892E-05
20130104,3.24925E-05
20130107,8.78475E-06
20130108,1.8264E-05
20130109,7.79939E-06
20130110,1.4326E-05
20130111,5.52279E-06
20130114,3.35453E-05
20130115,7.1428E-06
20130116,4.7642E-06
20130117,9.15252E-06
20130118,2.59082E-05
20130122,1.3738E-05
20130123,3.1415E-06
20130124,1.98623E-05
20130125,1.8886E-05
20130128,7.87203E-06
20130129,2.05028E-05
20130130,3.55436E-05
20130131,2.9931E-05
20130201,3.4578E-05
20130204,2.08876E-05
20130205,1.50779E-05
20130206,1.77021E-05
20130207,7.35945E-05
20130208,6.85432E-06
20130211,4.81671E-06
20130212,1.50399E-06
20130213,9.5353E-06
20130214,7.52905E-06
20130215,1.91549E-05
20130219,2.17414E-05
20130220,4.765E-05
20130221,4.29981E-05
20130222,1.79469E-05
20130225,0.000225412
20130226,0.000127409
20130227,4.69692E-05
20130228,7.74019E-05
20130301,8.00548E-05
20130304,3.79584E-05
20130305,2.40459E-05
20130306,1.40745E-05
20130307,3.97096E-06
20130308,1.44559E-05
20130311,3.47329E-06
20130312,1.31319E-05
20130313,2.06913E-05
20130314,7.73673E-06
20130315,2.71809E-05
20130318,2.89827E-05
20130319,0.000361314
20130320,4.09959E-05
20130321,0.00011169
20130322,2.0554E-05
20130325,0.000194911
20130326,1.31026E-05
20130327,1.51155E-05
20130328,8.9106E-06
20130401,0.000118942
20130402,1.51721E-05
20130403,4.60719E-05
20130404,0.00017843
20130405,8.26901E-05
20130408,1.58976E-05
20130409,2.26267E-05
20130410,1.43258E-05
20130411,1.08332E-05
20130412,4.07232E-05
20130415,0.000475171
20130416,7.69744E-05
20130417,0.000155725
20130418,0.000329994
20130419,5.35708E-05
20130422,8.33593E-05
20130423,0.00198481
20130424,1.04437E-05
20130425,2.35695E-05
20130426,2.77177E-05
20130429,7.87372E-06
20130430,2.19337E-05
20130501,4.04579E-05
20130502,1.76936E-05
20130503,8.46169E-06
20130506,2.34085E-06
20130507,8.79228E-06
20130508,3.09535E-06
20130509,4.36741E-05
20130510,5.92121E-05
20130513,1.59737E-05
20130514,1.28916E-05
20130515,3.77355E-05
20130516,6.70378E-05
20130517,1.04074E-05
20130520,2.15782E-05
20130521,4.43448E-05
20130522,0.000873842
20130523,0.000158445
20130524,0.000124554
20130528,3.74585E-05
20130529,0.000158783
20130530,7.6125E-05
20130531,0.000487736
20130603,0.000142342
20130604,0.000314873
20130605,0.000146039
20130606,0.000256484
20130607,0.000105367
20130610,3.60659E-05
20130611,0.000131868
20130612,0.000188648
20130613,0.000123821
20130614,9.20421E-05
20130617,0.000214925
20130618,3.27119E-05
20130619,0.001375732
20130620,0.000307482
20130621,0.000518249
20130624,0.000481639
20130625,0.000110244
20130626,2.56032E-05
20130627,3.63668E-05
20130628,0.00020527
20130701,3.45806E-05
20130702,9.41871E-05
20130705,0.000189635
20130708,4.77541E-05
20130709,1.80723E-05
20130710,0.00020645
20130711,2.05237E-05
20130712,1.72689E-05
20130715,4.67135E-06
20130716,7.3194E-06
20130717,2.54919E-05
20130718,1.3044E-05
20130719,1.00503E-05
20130722,1.03726E-05
20130723,6.77851E-06
20130724,1.76819E-05
20130725,2.43383E-05
20130726,3.57543E-05
20130729,1.13678E-05
20130730,2.34841E-05
20130731,9.31979E-05
20130801,6.11782E-06
20130802,4.69914E-06
20130805,3.1408E-06
20130806,1.57379E-05
20130807,1.36573E-05
20130808,2.2621E-05
20130809,3.18302E-05
20130812,1.09548E-05
20130813,1.94215E-05
20130814,2.40813E-05
20130815,2.74108E-05
20130816,3.21086E-05
20130819,1.20564E-05
20130820,2.67442E-05
20130821,0.000428908
20130822,3.09553E-05
20130823,1.72968E-05
20130826,4.97556E-05
20130827,5.51712E-05
20130828,2.25897E-05
20130829,4.83221E-05
20130830,0.000188559