Date,RV
19970408,0.372096684
19970409,0.55875271
19970410,0.550684304
19970411,1.969942154
19970414,0.692382686
19970415,1.059544987
19970416,0.643300336
19970417,0.760234028
19970418,0.428474722
19970421,1.544416374
19970422,0.903289702
19970423,0.887744394
19970424,0.915661585
19970425,0.479014696
19970428,0.7220962
19970429,0.432721796
19970430,0.885100514
19970501,0.675237088
19970502,0.846670169
19970505,1.091672919
19970506,1.370440057
19970507,1.070554024
19970508,1.94360139
19970509,1.748830546
19970512,0.65415153
19970513,0.80666447
19970514,0.889797035
19970515,0.465631806
19970516,0.558551766
19970519,0.459085856
19970520,1.391268127
19970521,1.017207951
19970522,0.640978978
19970523,0.35870848
19970527,0.926320491
19970528,0.607300818
19970529,0.470028805
19970530,1.038732051
19970602,0.528146757
19970603,0.839318737
19970604,0.686630562
19970605,0.423374694
19970606,0.738371587
19970609,0.42324581
19970610,0.528608156
19970611,0.403636231
19970612,0.459979737
19970613,0.534999599
19970616,0.252192682
19970617,0.595590348
19970618,0.571760373
19970619,0.465766428
19970620,0.23592772
19970623,1.148772632
19970624,0.907389998
19970625,2.054888382
19970626,1.892633992
19970627,1.290948828
19970630,1.542732567
19970701,1.187710626
19970702,0.799877784
19970707,1.090506714
19970708,0.624788288
19970709,1.610207279
19970710,1.466172554
19970711,0.495582103
19970714,0.538410548
19970715,0.929106988
19970716,0.502025038
19970717,0.721551602
19970718,2.688787948
19970721,0.923067895
19970722,1.349663918
19970723,0.946336789
19970724,1.443561044
19970725,0.688896926
19970728,0.649795619
19970729,0.604191268
19970730,0.58213854
19970731,0.590084873
19970801,2.269742223
19970804,0.610871294
19970805,0.482725635
19970806,0.558810493
19970807,0.878943068
19970808,2.993240271
19970811,0.976067816
19970812,0.726977192
19970813,3.53390875
19970814,1.431454432
19970815,2.209279667
19970818,1.73786617
19970819,1.26197877
19970820,0.687562921
19970821,1.679027487
19970822,2.818824073
19970825,1.571887648
19970826,1.434777213
19970827,1.573610923
19970828,3.281232374
19970829,1.381415877
19970902,1.554545722
19970903,0.978580068
19970904,0.734970156
19970905,1.856250265
19970908,0.376522015
19970909,0.784026008
19970910,1.090739211
19970911,1.589601065
19970912,1.026416877
19970915,0.454622068
19970916,0.68846196
19970917,0.629904726
19970918,1.366790438
19970919,0.740838562
19970922,0.835889
19970923,0.435763759
19970924,1.246920962
19970925,1.040708549
19970926,0.548917504
19970929,0.491604282
19970930,1.068192429
19971001,0.948085126
19971002,0.35660669
19971003,1.942808414
19971006,0.386904178
19971007,0.593054738
19971008,1.469019448
19971009,0.779351127
19971010,0.389906332
19971013,0.211797316
19971014,0.569404854
19971015,0.361818235
19971016,1.044277841
19971017,2.529398691
19971020,0.685281345
19971021,0.583359327
19971022,0.622452063
19971023,1.668997551
19971024,2.562974907
19971027,9.689100536
19971028,13.66281129
19971029,4.154436104
19971030,4.362663177
19971031,2.428627793
19971103,0.577046756
19971104,0.807093863
19971105,1.087395866
19971106,0.702454247
19971107,2.850980569
19971110,0.980812512
19971111,0.407229155
19971112,2.450319686
19971113,1.47433134
19971114,1.290174723
19971117,0.726869176
19971118,0.622370867
19971119,0.815923904
19971120,0.569562557
19971121,0.600454928
19971124,0.917853963
19971125,0.791162922
19971126,0.427977658
19971201,0.550295478
19971202,0.523036265
19971203,0.658247833
19971204,0.710352475
19971205,1.205947564
19971208,0.358174731
19971209,0.618611523
19971210,0.670476734
19971211,1.060034585
19971212,0.98979514
19971215,0.499971096
19971216,0.461580493
19971217,0.465098254
19971218,1.131841119
19971219,2.873233912
19971222,1.140021633
19971223,0.998055685
19971229,0.549542047
19971230,0.434254685
19971231,0.438373973
19980102,0.511048184
19980105,1.252612309
19980106,0.811911546
19980107,0.671172414
19980108,0.655273248
19980109,2.751430546
19980112,3.199829516
19980113,0.65941
19980114,0.623309708
19980115,0.516465978
19980116,0.643951976
19980120,0.429879191
19980121,1.22929837
19980122,0.932289736
19980123,1.383420896
19980126,0.596218187
19980127,0.704416528
19980128,0.608552795
19980129,0.880575352
19980130,0.664594951
19980202,0.473988473
19980203,0.384844776
19980204,0.558490673
19980205,1.010701938
19980206,0.609127931
19980209,0.34832088
19980210,0.44985478
19980211,0.287642237
19980212,0.75130697
19980213,0.301570584
19980217,0.420117985
19980218,0.338069547
19980219,0.390524251
19980220,0.504374205
19980223,0.437759824
19980224,0.723203673
19980225,0.426223193
19980226,0.363038807
19980227,0.458772619
19980302,0.558778275
19980303,0.30292917
19980304,0.410406324
19980305,0.466991261
19980306,0.357499099
19980309,0.323765142
19980310,0.319386123
19980311,0.230386332
19980312,0.342649659
19980313,0.438475904
19980316,0.216098655
19980317,0.264684254
19980318,0.209187876
19980319,0.184313487
19980320,0.23017899
19980323,0.266072427
19980324,0.276380279
19980325,0.865263047
19980326,0.366693999
19980327,1.032119211
19980330,0.425112786
19980331,0.541820841
19980401,0.519266193
19980402,0.310279002
19980403,0.610634423
19980406,0.628986536
19980407,0.808013919
19980408,0.864966824
19980409,0.351477066
19980413,0.741950551
19980414,0.24417909
19980415,0.3294348
19980416,0.745165354
19980417,0.285334784
19980420,0.332775478
19980421,0.723749984
19980422,0.403258912
19980423,0.426766342
19980424,0.633854559
19980427,1.84118229
19980428,0.68661016
19980429,0.622047291
19980430,0.400656552
19980501,0.385819223
19980504,0.572318644
19980505,0.620233702
19980506,0.656641034
19980507,0.346132914
19980508,0.749776371
19980511,0.434303116
19980512,0.589362762
19980513,0.620327026
19980514,0.513684642
19980515,0.486004934
19980518,0.724387222
19980519,0.592417935
19980520,0.48172884
19980521,0.474499591
19980522,0.348486369
19980526,0.831776688
19980527,1.925997337
19980528,0.693862437
19980529,0.558850465
19980601,0.912937527
19980602,0.976984776
19980603,0.741473206
19980604,0.6555663
19980605,0.666801905
19980608,0.427409455
19980609,0.30547722
19980610,1.079341292
19980611,1.302196502
19980612,1.887874654
19980615,1.451405763
19980616,1.574548522
19980617,0.832616438
19980618,0.467421866
19980619,0.539077397
19980622,0.44730836
19980623,0.318544322
19980624,0.605044828
19980625,0.696240506
19980626,0.547129245
19980629,0.412926412
19980630,0.448912602
19980701,0.587164386
19980702,0.227102566
19980706,0.309438501
19980707,0.375031986
19980708,0.231357337
19980709,0.355601731
19980710,0.837726686
19980713,0.395937314
19980714,0.27318646
19980715,0.335871292
19980716,0.327663593
19980717,0.288098956
19980720,0.536401088
19980721,0.631591167
19980722,1.108665234
19980723,1.787022564
19980724,2.407694686
19980727,1.382653074
19980728,2.691297962
19980729,1.490967238
19980730,0.6284372
19980731,1.692659334
19980803,1.588039207
19980804,5.350535091
19980805,4.985044229
19980806,2.601261507
19980807,1.932086528
19980810,1.299889813
19980811,3.6271167
19980812,0.999576022
19980813,1.435220378
19980814,1.797035204
19980817,1.924220786
19980818,0.758356983
19980819,0.819909792
19980820,1.69746071
19980821,4.115159811
19980824,1.416987199
19980825,1.063081393
19980826,2.180946358
19980827,5.815382844
19980828,6.37444112
19980831,10.95749697
19980901,14.99873121
19980902,4.652621049
19980903,5.548101101
19980904,4.405771555
19980908,2.66294818
19980909,3.905837635
19980910,5.016085051
19980911,7.743360667
19980914,1.702010766
19980915,1.667281954
19980916,2.44241708
19980917,2.217722681
19980918,1.649364105
19980921,2.857483016
19980922,1.845544793
19980923,1.854049279
19980924,2.25932872
19980925,2.993423611
19980928,1.473439373
19980929,4.064267636
19980930,2.620360144
19981001,5.549894799
19981002,4.497869819
19981005,6.645077025
19981006,3.472593135
19981007,5.339248611
19981008,11.07144401
19981009,3.638339223
19981012,1.429082423
19981013,1.757564947
19981014,1.954140774
19981015,32.88987513
19981016,1.755965847
19981019,1.523369042
19981020,1.720419272
19981021,1.278990105
19981022,1.339134434
19981023,1.00829851
19981026,1.024460165
19981027,1.914319928
19981028,1.025221147
19981029,1.182360787
19981030,0.885063481
19981102,0.90803921
19981103,0.584656825
19981104,0.876975581
19981105,1.423122341
19981106,0.990484156
19981109,0.871853633
19981110,0.68387476
19981111,0.986321845
19981112,1.043724864
19981113,0.51336368
19981116,0.493508889
19981117,1.980288282
19981118,0.725186982
19981119,0.482451386
19981120,0.321119996
19981123,0.627372419
19981124,0.626622277
19981125,0.413791008
19981130,0.906506742
19981201,1.020352761
19981202,1.359360453
19981203,1.972658849
19981204,1.783377335
19981207,0.603685453
19981208,1.481884085
19981209,1.057358866
19981210,1.004409535
19981211,1.468790616
19981214,1.009641529
19981215,0.813746083
19981216,0.901484522
19981217,1.047769593
19981218,0.409254912
19981221,0.9524351
19981222,1.268617658
19981223,0.719144679
19981228,0.359938094
19981229,0.645219064
19981230,0.652573779
19981231,0.943475977
19990104,1.561042794
19990105,0.910196785
19990106,0.580444588
19990107,0.779000349
19990108,1.41595221
19990111,1.234941397
19990112,1.31378865
19990113,3.5756388
19990114,2.682352214
19990115,0.666897141
19990119,1.331811938
19990120,1.732898062
19990121,2.191664318
19990122,2.076254205
19990125,2.124638118
19990126,0.892959364
19990127,1.0227374
19990128,0.996799975
19990129,1.575031757
19990201,0.89920485
19990202,1.482914362
19990203,1.57061367
19990204,1.617905601
19990205,1.799724721
19990208,0.855701254
19990209,1.89396937
19990210,1.678860727
19990211,1.059054653
19990212,3.073077249
19990216,1.547861675
19990217,1.34885623
19990218,1.433958898
19990219,0.90356776
19990222,1.092492084
19990223,2.34661586
19990224,1.153426275
19990225,2.854844974
19990226,2.437876547
19990301,1.664571693
19990302,1.55288918
19990303,1.19606695
19990304,1.378059663
19990305,1.285549315
19990308,1.036959747
19990309,1.244738781
19990310,0.629361035
19990311,1.058597597
19990312,1.205920558
19990315,0.658325937
19990316,0.708276316
19990317,0.749936146
19990318,0.583513266
19990319,0.907451377
19990322,0.70181794
19990323,2.102724658
19990324,1.349498487
19990325,0.718791456
19990326,0.853594691
19990329,0.807858648
19990330,0.768949244
19990331,1.092934435
19990401,0.704705591
19990405,0.590122575
19990406,0.941949146
19990407,1.330865612
19990408,1.239737321
19990409,0.738758412
19990412,0.852911432
19990413,0.888439698
19990414,1.368448714
19990415,1.497100894
19990416,1.939693179
19990419,2.948825326
19990420,2.423352136
19990421,1.160653806
19990422,0.776209434
19990423,1.178822242
19990426,0.697311622
19990427,1.09731433
19990428,1.033601508
19990429,1.025014825
19990430,2.048248642
19990503,1.031477729
19990504,0.917364088
19990505,1.3594645
19990506,1.738389001
19990507,1.185974798
19990510,1.107299107
19990511,1.133516395
19990512,7.628153703
19990513,0.857013155
19990514,1.384655041
19990517,0.748758683
19990518,2.024107641
19990519,0.813257907
19990520,0.587367456
19990521,0.845216267
19990524,1.224940857
19990525,1.784403344
19990526,1.605475075
19990527,2.115447502
19990528,1.309442325
19990601,0.881065749
19990602,1.431617264
19990603,0.861632246
19990604,0.60060773
19990607,0.462084459
19990608,0.628235354
19990609,0.468545968
19990610,0.906174526
19990611,1.3923425
19990614,0.802627893
19990615,0.689192921
19990616,0.521571356
19990617,0.57507807
19990618,0.287036377
19990621,0.536330807
19990622,0.55339698
19990623,0.768839872
19990624,0.844345865
19990625,0.487426913
19990628,0.333061903
19990629,0.337741437
19990630,3.008176136
19990701,0.602597924
19990702,0.250082348
19990706,0.696043725
19990707,0.524316214
19990708,0.818155117
19990709,0.342529885
19990712,0.461562642
19990713,0.42381739
19990714,0.517879835
19990715,0.351849815
19990716,0.200776879
19990719,0.442902893
19990720,1.028591806
19990721,0.771220324
19990722,1.494455144
19990723,0.772091096
19990726,0.680548235
19990727,0.497239851
19990728,0.602041662
19990729,1.149714092
19990730,1.047683398
19990802,0.797795822
19990803,1.563172001
19990804,1.329439718
19990805,2.036003408
19990806,1.219250086
19990809,0.809090549
19990810,2.180158516
19990811,0.913634113
19990812,0.607657936
19990813,0.445035173
19990816,0.384046279
19990817,0.621504117
19990818,0.443690544
19990819,0.758811195
19990820,0.395772821
19990823,0.347686155
19990824,1.471199066
19990825,0.642140614
19990826,0.601753796
19990827,0.769767224
19990830,0.486255841
19990831,2.096265295
19990901,0.971551882
19990902,1.7606158
19990903,0.398837978
19990907,0.517842377
19990908,1.08779253
19990909,0.48073373
19990910,0.683516951
19990913,0.426020081
19990914,0.566066675
19990915,0.898820715
19990916,1.504922584
19990917,0.478120469
19990920,0.333720102
19990921,1.089805159
19990922,1.375283777
19990923,1.947774888
19990924,2.518821191
19990927,1.224728427
19990928,2.575791465
19990929,1.303108729
19990930,1.33968537
19991001,1.814193899
19991004,0.527907581
19991005,1.776654459
19991006,0.619932394
19991007,0.677593818
19991008,0.688667484
19991011,0.267763207
19991012,0.673622881
19991013,0.915669702
19991014,2.003513245
19991015,2.016606672
19991018,2.245472263
19991019,1.534108746
19991020,0.98618949
19991021,1.246742995
19991022,0.788392683
19991025,0.969078079
19991026,0.939802971
19991027,0.997506211
19991028,0.687490498
19991029,0.774037201
19991101,0.434730255
19991102,0.951472479
19991103,0.89396808
19991104,0.781292412
19991105,0.764557679
19991108,0.717891246
19991109,0.911146797
19991110,1.085606164
19991111,0.475413263
19991112,1.039466139
19991115,0.391787974
19991116,1.983389372
19991117,0.546005393
19991118,0.684655741
19991119,0.396091384
19991122,0.49236914
19991123,0.877597995
19991124,0.554647366
19991129,0.695723102
19991130,1.014448586
19991201,1.268437353
19991202,0.31375912
19991203,0.683433128
19991206,0.518748665
19991207,1.084699623
19991208,0.652960474
19991209,0.926630759
19991210,0.770286927
19991213,0.375060296
19991214,0.740878626
19991215,0.694890724
19991216,0.754121695
19991217,0.52658364
19991220,0.54434643
19991221,1.365851946
19991222,0.501142186
19991223,0.512977649
19991227,0.586227722
19991228,0.288253007
19991229,0.203095352
19991230,0.321954062
20000103,1.458475171
20000104,1.986266518
20000105,2.654457528
20000106,1.52796096
20000107,1.071547678
20000110,0.844294116
20000111,0.778671627
20000112,1.263472556
20000113,0.881518665
20000114,0.744574254
20000118,0.850241631
20000119,0.554584181
20000120,1.358233197
20000121,0.514028563
20000124,1.944034819
20000125,2.030733507
20000126,0.936232902
20000127,1.740154276
20000128,3.276892947
20000131,2.107374337
20000201,1.246305947
20000202,1.044041416
20000203,1.522523682
20000204,0.81823573
20000207,0.876297173
20000208,0.573191775
20000209,1.284272853
20000210,1.108910322
20000211,1.887710489
20000214,1.09878466
20000215,1.145637193
20000216,1.163090873
20000217,2.055338135
20000218,1.716776904
20000222,1.946337864
20000223,1.390973085
20000224,3.172052102
20000225,2.356600914
20000228,2.708034731
20000229,0.920516684
20000301,1.10918552
20000302,1.0016367
20000303,0.815397801
20000306,0.77856322
20000307,3.419641029
20000308,1.537984914
20000309,1.380164609
20000310,1.457327698
20000313,2.598097867
20000314,2.028953094
20000315,2.730993662
20000316,2.516835582
20000317,1.615747968
20000320,0.947663458
20000321,1.908630394
20000322,0.916878571
20000323,1.346005778
20000324,1.875774316
20000327,0.998104609
20000328,1.533237301
20000329,1.740974975
20000330,2.446267725
20000331,2.414304397
20000403,2.320481959
20000404,15.84799298
20000405,4.262110948
20000406,1.293013256
20000407,1.018074279
20000410,1.386607198
20000411,3.035685767
20000412,2.708995319
20000413,4.037715831
20000414,13.6892786
20000417,6.973222936
20000418,2.730623092
20000419,1.834583098
20000420,0.960430628
20000424,2.541785735
20000425,1.236895694
20000426,1.326820396
20000427,3.227700207
20000428,1.666492608
20000501,0.996315396
20000502,1.31565181
20000503,2.477422701
20000504,1.161323715
20000505,1.623418422
20000508,0.818950678
20000509,1.63549285
20000510,2.353898363
20000511,1.418527483
20000512,0.870469393
20000515,0.983444557
20000516,2.525951727
20000517,0.864286583
20000518,0.740699248
20000519,1.726173148
20000522,3.550835342
20000523,1.823263527
20000524,3.136439636
20000525,2.491999543
20000526,1.924729396
20000530,1.067518462
20000531,1.615164265
20000601,1.245777969
20000602,0.663668152
20000605,0.829382639
20000606,0.648225092
20000607,0.812035849
20000608,0.633071088
20000609,0.649065255
20000612,0.534508682
20000613,0.951321762
20000614,0.852914547
20000615,0.80350055
20000616,0.56997268
20000619,0.782071955
20000620,1.028010182
20000621,0.577237529
20000622,1.018938732
20000623,0.818208961
20000626,0.73488676
20000627,0.442023994
20000628,0.570717363
20000629,1.291846008
20000630,0.628666555
20000705,0.603377694
20000706,0.599132387
20000707,0.501299435
20000710,0.500030828
20000711,0.83163765
20000712,0.489924152
20000713,0.293374854
20000714,0.456994891
20000717,0.31730965
20000718,0.371473701
20000719,0.505360035
20000720,0.8297444
20000721,0.553948034
20000724,0.66157858
20000725,0.649271452
20000726,0.999067567
20000727,1.469719386
20000728,1.925580047
20000731,1.039058266
20000801,0.969195975
20000802,0.710944285
20000803,1.059391681
20000804,0.904836205
20000807,0.471583892
20000808,0.265872156
20000809,0.544173631
20000810,0.465153583
20000811,0.557355253
20000814,0.303977798
20000815,0.256171444
20000816,0.51455558
20000817,0.511027769
20000818,0.363308007
20000821,0.386058291
20000822,0.288841057
20000823,0.393042558
20000824,0.264620842
20000825,0.196750289
20000828,0.283471064
20000829,0.302456467
20000830,0.266739256
20000831,0.396860271
20000901,0.424120589
20000905,0.347380515
20000906,0.642053303
20000907,0.374651971
20000908,0.481740526
20000911,0.824398195
20000912,0.535159281
20000913,0.69952238
20000914,0.392930184
20000915,0.529776494
20000918,0.811643847
20000919,0.702795748
20000920,1.278934807
20000921,0.985309863
20000922,1.262798321
20000925,0.533702386
20000926,1.194804637
20000927,1.187277569
20000928,0.968446152
20000929,0.960096075
20001002,1.334886416
20001003,1.021728962
20001004,1.599576805
20001005,0.958806521
20001006,1.642818115
20001009,0.992649003
20001010,1.682225209
20001011,3.899298732
20001012,5.578043331
20001013,2.180135015
20001016,1.133013089
20001017,1.442291754
20001018,4.185656826
20001019,1.284685094
20001020,0.693437219
20001023,0.936304777
20001024,1.120706692
20001025,2.2392456
20001026,3.188752543
20001027,2.136337526
20001030,1.575170025
20001031,0.571443427
20001101,0.859323517
20001102,0.755546836
20001103,0.838198198
20001106,0.49427014
20001107,0.483581446
20001108,1.351235802
20001109,2.773081133
20001110,1.891245085
20001113,3.206155276
20001114,1.792598379
20001115,1.392835929
20001116,1.12740387
20001117,2.427480099
20001120,1.685126819
20001121,2.086991003
20001122,2.151799424
20001127,0.842623634
20001128,1.8259929
20001129,2.116374084
20001130,3.023379249
20001201,1.537617939
20001204,3.680043869
20001205,1.906225853
20001206,1.555159693
20001207,0.776509407
20001208,2.021356241
20001211,0.861728547
20001212,0.787543485
20001213,1.48669804
20001214,1.574856602
20001215,2.02084075
20001218,0.968114331
20001219,2.77511837
20001220,3.266689662
20001221,3.040759223
20001222,1.100083063
20001226,0.70472532
20001227,1.075962466
20001228,0.733289205
20001229,0.792071245
20010102,2.073436134
20010103,14.0370173
20010104,2.112964519
20010105,3.823515239
20010108,2.318807074
20010109,1.467034684
20010110,1.788407444
20010111,0.96082941
20010112,1.485629202
20010116,0.982034875
20010117,0.945726337
20010118,1.140949459
20010119,1.203816357
20010122,1.058188688
20010123,0.754551588
20010124,0.882400276
20010125,0.773869839
20010126,0.889934463
20010129,0.342197385
20010130,0.601961283
20010131,1.04448285
20010201,0.782559567
20010202,0.791295653
20010205,0.570913962
20010206,0.430676526
20010207,0.637257385
20010208,0.636771187
20010209,0.594131284
20010212,0.706182921
20010213,0.668844022
20010214,0.949082369
20010215,0.63907902
20010216,0.76364824
20010220,0.850534771
20010221,1.531688364
20010222,4.161006896
20010223,3.502391814
20010226,1.246065405
20010227,1.843030085
20010228,2.217174923
20010301,2.854727431
20010302,2.471677009
20010305,0.914443684
20010306,0.715373673
20010307,1.012048288
20010308,0.786857305
20010309,1.827042148
20010312,2.647662812
20010313,2.338138395
20010314,6.279964405
20010315,1.284509167
20010316,2.726744554
20010319,1.106068461
20010320,3.087549028
20010321,4.497026641
20010322,7.125459234
20010323,3.414473426
20010326,1.808267447
20010327,1.425696347
20010328,2.205269535
20010329,2.54823591
20010330,3.174734544
20010402,2.660866199
20010403,3.136369299
20010404,4.422071995
20010405,2.000509443
20010406,3.593357291
20010409,2.0096215
20010410,1.396228903
20010411,1.486336704
20010412,1.687769676
20010416,1.518577976
20010417,2.025400148
20010418,7.635561061
20010419,1.250296861
20010420,0.796995094
20010423,0.87439977
20010424,1.095577816
20010425,1.306348727
20010426,0.909255407
20010427,1.180725738
20010430,0.895965007
20010501,1.109128958
20010502,1.167064935
20010503,1.075904218
20010504,2.040513772
20010507,1.020284458
20010508,0.776145932
20010509,0.866548177
20010510,0.578976394
20010511,0.724385014
20010514,0.33548364
20010515,1.020328901
20010516,1.197300076
20010517,1.060297824
20010518,0.715883892
20010521,0.677382423
20010522,0.707882585
20010523,0.769277771
20010524,0.887303704
20010525,0.611872446
20010529,0.761086609
20010530,0.791901379
20010531,0.73482666
20010601,0.731945993
20010604,0.544697597
20010605,0.728258576
20010606,0.842338621
20010607,0.766973491
20010608,0.784372053
20010611,0.435351892
20010612,0.974889591
20010613,0.654559449
20010614,0.83943697
20010615,1.171596812
20010618,0.911620578
20010619,0.879966559
20010620,1.111863527
20010621,1.038454632
20010622,0.8474789
20010625,0.683416117
20010626,0.797888303
20010627,0.963092434
20010628,1.118029138
20010629,0.821958143
20010702,0.545398757
20010705,0.542836686
20010706,0.978801158
20010709,0.580020436
20010710,0.754088294
20010711,1.547644329
20010712,0.481335495
20010713,0.66415161
20010716,0.808457801
20010717,0.911155022
20010718,1.063742495
20010719,1.096299027
20010720,0.625743381
20010723,0.9241431
20010724,1.337677359
20010725,1.049977996
20010726,0.880600524
20010727,0.845290261
20010730,0.527212892
20010731,0.545585371
20010801,0.593173342
20010802,0.463031049
20010803,0.844630578
20010806,0.488166123
20010807,0.488086338
20010808,0.789112675
20010809,1.009144552
20010810,1.472084081
20010813,0.633340884
20010814,0.641517208
20010815,0.854185054
20010816,1.502266492
20010817,0.952767425
20010820,0.592087699
20010821,1.013808386
20010822,1.070996282
20010823,0.9271073
20010824,0.939412706
20010827,0.572690495
20010828,0.829921289
20010829,0.847016322
20010830,1.737317908
20010831,1.366297744
20010904,1.801204204
20010905,2.763484339
20010906,2.434408639
20010907,3.199862198
20010910,2.584651351
20010917,2.681618611
20010918,1.183618851
20010919,5.952494474
20010920,4.053677249
20010921,8.669133341
20010924,1.52738581
20010925,2.353019923
20010926,1.301604286
20010927,2.188345412
20010928,1.5546421
20011001,1.171148877
20011002,1.711385161
20011003,1.945422255
20011004,2.340296454
20011005,2.358199305
20011008,1.810733224
20011009,1.238898631
20011010,1.175410501
20011011,1.304483808
20011012,5.07624903
20011015,0.981299228
20011016,1.251071345
20011017,2.229874951
20011018,1.391397877
20011019,0.821308629
20011022,1.096860949
20011023,1.363493346
20011024,1.652469112
20011025,2.127231309
20011026,1.401560906
20011029,1.512672274
20011030,1.667272707
20011031,1.921967364
20011101,2.627281658
20011102,1.195499415
20011105,0.937997131
20011106,1.376822804
20011107,1.167309208
20011108,1.236224759
20011109,1.530374743
20011112,2.029608651
20011113,0.828001084
20011114,0.918640403
20011115,0.947074486
20011116,0.844937689
20011119,0.549135336
20011120,0.775424475
20011121,0.726988086
20011126,0.617974743
20011127,1.466146815
20011128,1.419256617
20011129,0.9897508
20011130,0.519126467
20011203,0.915372586
20011204,0.400671353
20011205,0.752004403
20011206,0.648101493
20011207,0.536651541
20011210,0.600675076
20011211,0.63287911
20011212,0.900246371
20011213,1.046433946
20011214,0.957708371
20011217,0.619000087
20011218,0.513778007
20011219,0.777004341
20011220,0.384052439
20011221,0.251418585
20011226,0.452971522
20011227,0.268723048
20011228,0.373885639
20011231,0.442465261
20020102,1.056510759
20020103,0.483118857
20020104,0.850504269
20020107,0.39620011
20020108,0.61732838
20020109,0.920904037
20020110,0.570756638
20020111,0.670643391
20020114,0.451724077
20020115,0.568312022
20020116,0.698977433
20020117,0.439760738
20020118,0.771680067
20020122,0.650206775
20020123,0.639967588
20020124,0.563760161
20020125,0.481048016
20020128,0.442600889
20020129,1.170952642
20020130,2.71606708
20020131,0.85464436
20020201,0.508499149
20020204,0.924341603
20020205,2.114124776
20020206,1.811791494
20020207,1.573107184
20020208,1.103664356
20020211,0.448042271
20020212,0.519201903
20020213,0.860608507
20020214,0.773907879
20020215,1.035846859
20020219,0.810222808
20020220,1.103378771
20020221,1.224204862
20020222,1.470705914
20020225,0.597696685
20020226,1.265152675
20020227,1.259014797
20020228,0.953269283
20020301,0.966788883
20020304,0.791308065
20020305,1.176709705
20020306,0.809899281
20020307,1.161799959
20020308,0.788305344
20020311,0.39638985
20020312,0.609348977
20020313,0.540768269
20020314,0.392779576
20020315,0.494599682
20020318,0.584124603
20020319,0.541194116
20020320,0.372678165
20020321,0.715629019
20020322,0.610153443
20020325,0.525428818
20020326,0.976977243
20020327,0.566766827
20020328,0.666898181
20020401,0.501194866
20020402,0.588643898
20020403,0.615168283
20020404,0.509013664
20020405,0.495874037
20020408,0.590387828
20020409,0.460187954
20020410,0.637850865
20020411,1.048930941
20020412,0.632183
20020415,0.843881036
20020416,0.37671792
20020417,0.453860528
20020418,2.307164149
20020419,0.379677479
20020422,0.465852548
20020423,0.781307595
20020424,0.859617338
20020425,0.837306687
20020426,1.079836838
20020429,0.809122132
20020430,0.785039507
20020501,0.95758193
20020502,1.099240408
20020503,0.718701367
20020506,0.767263696
20020507,0.898186898
20020508,0.890179414
20020509,1.096266822
20020510,1.012364379
20020513,0.747852749
20020514,0.570875592
20020515,1.228459704
20020516,0.587647476
20020517,0.630615417
20020520,0.514528033
20020521,0.616194368
20020522,0.964984247
20020523,0.696042444
20020524,0.607764007
20020528,0.662695111
20020529,0.343478574
20020530,0.909508919
20020531,0.628388946
20020603,1.512685379
20020604,2.005302149
20020605,0.973095068
20020606,1.073985193
20020607,1.584732241
20020610,1.320836084
20020611,1.031127655
20020612,2.963606073
20020613,1.259239446
20020614,4.052252019
20020617,0.928452063
20020618,0.999275185
20020619,1.167653006
20020620,1.750209306
20020621,1.674086768
20020624,2.986485997
20020625,2.157236161
20020626,4.675854953
20020627,2.989333524
20020628,1.713514872
20020701,1.604707096
20020702,3.025012973
20020703,2.870239476
20020708,2.112160679
20020709,2.319970239
20020710,3.95352337
20020711,6.32510481
20020712,4.198916147
20020715,6.607229358
20020716,5.899415307
20020717,5.523710654
20020718,2.775625239
20020719,4.146185669
20020722,12.0240792
20020723,11.36992041
20020724,13.97360072
20020725,12.15346788
20020726,4.711482185
20020729,2.389372462
20020730,4.058506001
20020731,3.180292257
20020801,4.168622632
20020802,4.198692714
20020805,3.076022604
20020806,4.284387523
20020807,3.277294207
20020808,3.154185009
20020809,3.153067594
20020812,1.894324909
20020813,3.289468901
20020814,4.05122199
20020815,4.857052235
20020816,1.795515558
20020819,1.512348283
20020820,1.760938541
20020821,3.035944629
20020822,2.02805642
20020823,1.601059118
20020826,1.849344082
20020827,2.434853699
20020828,1.614984381
20020829,2.176679993
20020830,1.98629832
20020903,2.003838953
20020904,1.970877996
20020905,2.393134651
20020906,1.936017103
20020909,1.674259831
20020910,1.491659479
20020911,1.048155532
20020912,1.259985202
20020913,2.384691589
20020916,1.333967035
20020917,1.830249133
20020918,2.3739734
20020919,1.996628013
20020920,1.96378606
20020923,2.787189973
20020924,4.892295177
20020925,2.624613677
20020926,2.419766945
20020927,2.28374924
20020930,5.26424321
20021001,4.021002191
20021002,4.54610039
20021003,4.674283549
20021004,6.262618198
20021007,4.143546845
20021008,6.360636046
20021009,5.995242454
20021010,5.574405889
20021011,4.195338354
20021014,2.897993094
20021015,2.580320717
20021016,2.317626733
20021017,1.831546074
20021018,2.139113015
20021021,2.015458248
20021022,1.803623326
20021023,2.20047867
20021024,2.8946158
20021025,2.357914713
20021028,1.771016249
20021029,3.718899929
20021030,2.251458379
20021031,2.534001615
20021101,2.692870614
20021104,1.129517991
20021105,1.049054994
20021106,3.688626112
20021107,1.741258061
20021108,1.787127431
20021111,1.21967173
20021112,1.286756016
20021113,3.61707629
20021114,1.271624233
20021115,1.720024247
20021118,1.187432115
20021119,1.176863765
20021120,1.601779837
20021121,1.161912841
20021122,0.802292879
20021125,1.06831496
20021126,0.965327896
20021127,1.268427015
20021202,2.001322755
20021203,1.206665587
20021204,1.770850222
20021205,1.205639142
20021206,1.982548066
20021209,1.14843316
20021210,0.875628164
20021211,1.159393593
20021212,1.553678634
20021213,0.980387085
20021216,0.774530986
20021217,0.762781861
20021218,0.962704937
20021219,1.407099035
20021220,0.629309751
20021223,0.776938464
20021226,0.958182505
20021227,0.975290109
20021230,0.894337371
20021231,1.400979932
20030102,1.811145528
20030103,0.96475885
20030106,0.897900877
20030107,1.224854209
20030108,1.080889288
20030109,0.695734332
20030110,1.121555159
20030113,0.813806159
20030114,0.670327593
20030115,0.767536099
20030116,0.998468921
20030117,0.852521649
20030121,0.735429654
20030122,1.18699597
20030123,1.107271381
20030124,1.633282211
20030127,2.648130702
20030128,1.115254084
20030129,1.446895328
20030130,1.474017802
20030131,1.730844835
20030203,1.06516773
20030204,1.183572627
20030205,2.035926349
20030206,2.246993361
20030207,1.875532137
20030210,1.687214059
20030211,0.961023191
20030212,1.192662747
20030213,2.36668516
20030214,1.974001098
20030218,0.929841726
20030219,0.917771316
20030220,0.793828669
20030221,1.680350844
20030224,0.952019453
20030225,1.918782066
20030226,1.214250065
20030227,1.624747588
20030228,1.15609441
20030303,0.97028102
20030304,0.582769374
20030305,1.364523698
20030306,1.201991695
20030307,4.725117561
20030310,0.76453157
20030311,1.413346576
20030312,2.187777576
20030313,1.273240072
20030314,3.013972953
20030317,3.686642551
20030318,1.873636477
20030319,1.462871552
20030320,1.978388082
20030321,1.912189955
20030324,1.102802787
20030325,1.674384716
20030326,1.162109372
20030327,1.107809103
20030328,1.002582268
20030331,1.190266164
20030401,1.561644748
20030402,0.805302044
20030403,0.996658668
20030404,1.268673746
20030407,1.774612565
20030408,1.485957058
20030409,2.048602978
20030410,1.060045793
20030411,1.205306386
20030414,0.760847401
20030415,0.869622297
20030416,1.206861385
20030417,0.660071882
20030421,1.119343374
20030422,1.027701119
20030423,0.618366614
20030424,0.779575502
20030425,0.860616504
20030428,0.725950093
20030429,1.308137649
20030430,1.235436694
20030501,1.057098813
20030502,1.156445307
20030505,0.862960209
20030506,0.884150284
20030507,0.946798142
20030508,0.924481712
20030509,0.447435571
20030512,0.616826137
20030513,0.596531411
20030514,0.6923845
20030515,0.588449751
20030516,0.641458004
20030519,0.605681624
20030520,1.110033188
20030521,1.280025797
20030522,0.961192092
20030523,0.368950533
20030527,0.700282462
20030528,0.842619039
20030529,0.924284571
20030530,0.681864151
20030602,0.798053041
20030603,1.067948167
20030604,0.840467967
20030605,0.827510349
20030606,1.559142592
20030609,0.573195242
20030610,0.69620997
20030611,0.612348887
20030612,0.846810865
20030613,1.000057783
20030616,0.671840959
20030617,0.709722891
20030618,0.716337918
20030619,0.939952234
20030620,0.694631334
20030623,0.649055212
20030624,0.638132379
20030625,1.567101201
20030626,0.723348854
20030627,0.825896352
20030630,1.00774745
20030701,1.203601195
20030702,0.559215781
20030707,0.532270897
20030708,0.498810897
20030709,0.767461844
20030710,0.658303704
20030711,0.655863126
20030714,0.90381889
20030715,1.269972597
20030716,0.692852769
20030717,0.761863175
20030718,0.56158894
20030721,0.535319845
20030722,1.023971728
20030723,0.638543642
20030724,1.057842331
20030725,0.907224077
20030728,0.953565281
20030729,1.420076927
20030730,0.624818875
20030731,1.827826595
20030801,0.964631859
20030804,1.669762569
20030805,1.809920735
20030806,1.122714494
20030807,0.764696152
20030808,0.637432692
20030811,0.596112665
20030812,0.569427454
20030813,0.459698148
20030814,0.68494798
20030815,0.310368474
20030818,0.346682541
20030819,0.44272751
20030820,0.288151553
20030821,0.86557566
20030822,0.796486581
20030825,0.37784193
20030826,0.769497123
20030827,0.194213676
20030828,0.500180406
20030829,0.615433008
20030902,0.927380356
20030903,0.562281655
20030904,0.377870943
20030905,0.432785366
20030908,0.367526686
20030909,0.380788333
20030910,0.530650921
20030911,0.49210115
20030912,0.524017374
20030915,0.376825954
20030916,0.268794936
20030917,0.326673863
20030918,0.316673986
20030919,0.372397004
20030922,0.388014702
20030923,0.423172907
20030924,0.540324376
20030925,0.705121945
20030926,1.042340376
20030929,0.483117388
20030930,1.346699026
20031001,0.641394835
20031002,0.602829454
20031003,0.708579843
20031006,0.245448925
20031007,0.68707489
20031008,0.403716069
20031009,0.746908026
20031010,0.300886987
20031013,0.259249821
20031014,0.339972441
20031015,0.365493475
20031016,0.384019113
20031017,0.416961067
20031020,0.382728339
20031021,0.443163757
20031022,0.436919019
20031023,0.549783801
20031024,0.543899149
20031027,0.331583464
20031028,0.418279946
20031029,0.499533194
20031030,0.747257415
20031031,0.336556655
20031103,0.353257428
20031104,0.187632489
20031105,0.632835578
20031106,0.389269112
20031107,0.588080152
20031110,0.313943124
20031111,0.228933875
20031112,0.289921955
20031113,0.320185165
20031114,0.464816956
20031117,0.544725159
20031118,0.601481285
20031119,0.41708194
20031120,0.803656601
20031121,0.490472052
20031124,0.315470446
20031125,0.285047712
20031126,0.302372566
20031201,0.276928691
20031202,0.241409359
20031203,0.399711523
20031204,0.345399715
20031205,0.430758732
20031208,0.306698269
20031209,0.464415621
20031210,0.349587052
20031211,0.349714901
20031212,0.35895451
20031215,0.42398561
20031216,0.284232808
20031217,0.189325159
20031218,0.216080601
20031219,0.366699617
20031222,0.174369022
20031223,0.190565561
20031229,0.189093338
20031230,0.123327492
20031231,0.271782656
20040102,0.505368843
20040105,0.17480517
20040106,0.204917608
20040107,0.305163367
20040108,0.32473563
20040109,0.480876703
20040112,0.249584746
20040113,0.487529197
20040114,0.158895318
20040115,0.534147696
20040116,0.301466767
20040120,0.244015165
20040121,0.446033943
20040122,0.364206714
20040123,0.404788069
20040126,0.363583002
20040127,0.325613899
20040128,1.05204396
20040129,0.813725408
20040130,0.467331448
20040202,0.844452276
20040203,0.389048001
20040204,0.424124878
20040205,0.40147215
20040206,0.53096347
20040209,0.203284948
20040210,0.23749766
20040211,0.458097947
20040212,0.195999189
20040213,0.555776638
20040217,0.177338023
20040218,0.22369739
20040219,0.38880023
20040220,0.485972089
20040223,0.356608871
20040224,0.472510715
20040225,0.224510077
20040226,0.258538392
20040227,0.405264816
20040301,0.238096137
20040302,0.420320725
20040303,0.316302752
20040304,0.132360378
20040305,0.826978747
20040308,0.290040152
20040309,0.620983392
20040310,0.517189095
20040311,1.155023228
20040312,0.738325246
20040315,0.687607384
20040316,0.581764921
20040317,0.231418071
20040318,0.722092252
20040319,0.490365306
20040322,0.803710541
20040323,0.683635251
20040324,1.010272066
20040325,0.393762811
20040326,0.373199815
20040329,0.341284942
20040330,0.338387198
20040331,0.421531746
20040401,0.297719513
20040402,0.515438422
20040405,0.199835922
20040406,0.161888258
20040407,0.321775715
20040408,0.498771839
20040412,0.135355887
20040413,0.460848347
20040414,0.507813442
20040415,0.5918604
20040416,0.405941954
20040419,0.275201771
20040420,0.501092761
20040421,0.747324434
20040422,0.731919017
20040423,0.377543526
20040426,0.349856178
20040427,0.543534462
20040428,0.426272903
20040429,0.870595578
20040430,0.91260278
20040503,0.549540777
20040504,0.965815326
20040505,0.495637293
20040506,0.61170087
20040507,0.947251084
20040510,1.007583924
20040511,0.401405372
20040512,1.291889756
20040513,0.838442022
20040514,1.023932331
20040517,0.86252967
20040518,0.264943497
20040519,0.549158119
20040520,0.49301714
20040521,0.368893001
20040524,0.513941111
20040525,0.543812039
20040526,0.331040042
20040527,0.434364271
20040528,0.144694871
20040601,0.36501474
20040602,0.32440768
20040603,0.345484666
20040604,0.292122531
20040607,0.168982263
20040608,0.27407445
20040609,0.214561063
20040610,0.140585366
20040614,0.1974607
20040615,0.314497686
20040616,0.200222332
20040617,0.243097733
20040618,0.275045392
20040621,0.201270213
20040622,0.345453283
20040623,0.252358493
20040624,0.210910432
20040625,0.228518593
20040628,0.356910595
20040629,0.174798199
20040630,0.291400744
20040701,0.519520415
20040702,0.340832156
20040706,0.302163828
20040707,0.250638857
20040708,0.470277372
20040709,0.202298812
20040712,0.373237252
20040713,0.13361836
20040714,0.460630016
20040715,0.374406287
20040716,0.351209541
20040719,0.445572948
20040720,0.442840975
20040721,0.424519251
20040722,0.917605568
20040723,0.613548281
20040726,0.86307947
20040727,0.410268509
20040728,0.758525488
20040729,0.423429801
20040730,0.330848464
20040802,0.372955949
20040803,0.276126829
20040804,0.442814881
20040805,0.549692314
20040806,0.769496939
20040809,0.275383183
20040810,0.33105253
20040811,0.530078848
20040812,0.521798633
20040813,0.475533261
20040816,0.471227296
20040817,0.357792083
20040818,0.486436768
20040819,0.332527735
20040820,0.319289955
20040823,0.273336676
20040824,0.229271332
20040825,0.262728996
20040826,0.155422246
20040827,0.127259449
20040830,0.096728764
20040831,0.270634822
20040901,0.36856407
20040902,0.18106722
20040903,0.270076878
20040907,0.315581277
20040908,0.301770397
20040909,0.30599769
20040910,0.327370932
20040913,0.203352245
20040914,0.172310266
20040915,0.185608703
20040916,0.123580161
20040917,0.212465227
20040920,0.297211246
20040921,0.170506796
20040922,0.232150506
20040923,0.296339592
20040924,0.208114912
20040927,0.19410306
20040928,0.224031864
20040929,0.277871398
20040930,0.238240793
20041001,0.260570357
20041004,0.191976964
20041005,0.216935918
20041006,0.220866609
20041007,0.170347464
20041008,0.323026629
20041011,0.122735269
20041012,0.235659433
20041013,0.421451763
20041014,0.301366133
20041015,0.395979186
20041018,0.395188435
20041019,0.332495384
20041020,0.532810274
20041021,0.558182724
20041022,0.434834814
20041025,0.514394783
20041026,0.392656294
20041027,0.434008837
20041028,0.323426275
20041029,0.385509807
20041101,0.185713147
20041102,0.566307681
20041103,0.527429363
20041104,0.373156455
20041105,0.494588692
20041108,0.246697349
20041109,0.24804166
20041110,0.298936717
20041111,0.177590859
20041112,0.188404526
20041115,0.284269392
20041116,0.182303699
20041117,0.28294625
20041118,0.175362138
20041119,0.380626607
20041122,0.241318701
20041123,0.306661099
20041124,0.205565565
20041129,0.489018797
20041130,0.345782799
20041201,0.230977381
20041202,0.288225166
20041203,0.54345078
20041206,0.208351793
20041207,0.400041198
20041208,0.241954887
20041209,0.394153401
20041210,0.28225808
20041213,0.19461412
20041214,0.196531889
20041215,0.250481658
20041216,0.413284259
20041217,0.400815083
20041220,0.24014878
20041221,0.165488577
20041222,0.176001009
20041223,0.142061531
20041227,0.260503408
20041228,0.16090969
20041229,0.091984959
20041230,0.083043008
20041231,0.111771259
20050103,0.409161606
20050104,0.459210797
20050105,0.459313747
20050106,0.379236234
20050107,0.432959302
20050110,0.296908485
20050111,0.319006314
20050112,0.577599344
20050113,0.261281874
20050114,0.234048478
20050118,0.231542299
20050119,0.227046409
20050120,0.527535929
20050121,0.363652597
20050124,0.471739399
20050125,0.230620182
20050126,0.238342904
20050127,0.200109797
20050128,0.284874432
20050131,0.206030544
20050201,0.185910692
20050202,0.233671785
20050203,0.161453216
20050204,0.214939775
20050207,0.136831568
20050208,0.189616713
20050209,0.265824252
20050210,0.234006841
20050211,0.46891134
20050214,0.086655287
20050215,0.167043428
20050216,0.202893202
20050217,0.292590144
20050218,0.161230538
20050222,0.340005726
20050223,0.275836872
20050224,0.399156886
20050225,0.284073063
20050228,0.312603108
20050301,0.203915338
20050302,0.35930997
20050303,0.331176213
20050304,0.296563542
20050307,0.17242545
20050308,0.255409742
20050309,0.365491461
20050310,0.400122046
20050311,0.455713427
20050314,0.30567389
20050315,0.268142535
20050316,0.330874836
20050317,0.294444955
20050318,0.374886155
20050321,0.428290825
20050322,0.600181848
20050323,0.428895998
20050324,0.232222597
20050328,0.21566027
20050329,0.414648236
20050330,0.301988804
20050331,0.324981417
20050401,0.60126505
20050404,0.33824736
20050405,0.294283826
20050406,0.28171825
20050407,0.242360009
20050408,0.238982508
20050411,0.22778427
20050412,0.390728978
20050413,0.360557136
20050414,0.50693105
20050415,0.822691712
20050418,0.600477712
20050419,0.353295884
20050420,0.672501731
20050421,0.522165109
20050422,0.798645544
20050425,0.404498495
20050426,0.407581301
20050427,0.612482693
20050428,0.5355483
20050429,0.914728311
20050502,0.32529891
20050503,0.951699304
20050504,0.449667
20050505,0.673263444
20050506,0.435858208
20050509,0.212289515
20050510,0.362988231
20050511,0.471512686
20050512,0.591749504
20050513,0.924280679
20050516,0.365565488
20050517,0.34102369
20050518,0.260798649
20050519,0.288233325
20050520,0.178399827
20050523,0.282347413
20050524,0.370835278
20050525,0.182270725
20050526,0.127530735
20050527,0.085655287
20050531,0.296101734
20050601,0.484237198
20050602,0.185710814
20050603,0.287566081
20050606,0.126838843
20050607,0.327275439
20050608,0.209083983
20050609,0.376449018
20050610,0.207471445
20050613,0.340675071
20050614,0.258833802
20050615,0.30930701
20050616,0.202930491
20050617,0.209458984
20050620,0.182387379
20050621,0.210405061
20050622,0.192563613
20050623,0.438983559
20050624,0.237711823
20050627,0.255949639
20050628,0.136649604
20050629,0.18357572
20050630,0.301791
20050701,0.276471339
20050705,0.267725033
20050706,0.244409335
20050707,0.500275218
20050708,0.22373232
20050711,0.246552143
20050712,0.264285196
20050713,0.205603147
20050714,0.320730529
20050715,0.12515306
20050718,0.141628801
20050719,0.232134002
20050720,0.321186316
20050721,0.478467607
20050722,0.19308195
20050725,0.201349278
20050726,0.273084203
20050727,0.186241728
20050728,0.197909685
20050729,0.157782699
20050801,0.181593554
20050802,0.155894591
20050803,0.119480362
20050804,0.146609799
20050805,0.192906091
20050808,0.192956655
20050809,0.145068277
20050810,0.369832897
20050811,0.370808659
20050812,0.320355846
20050815,0.224519376
20050816,0.309313209
20050817,0.322361809
20050818,0.25737581
20050819,0.137554397
20050822,0.351143065
20050823,0.263401092
20050824,0.402256247
20050825,0.17255277
20050826,0.407555875
20050829,0.295269849
20050830,0.469815437
20050831,0.665056669
20050901,0.661467215
20050902,0.2361729
20050906,0.169039937
20050907,0.19778781
20050908,0.145130048
20050909,0.155005754
20050912,0.132175607
20050913,0.223372621
20050914,0.230181779
20050915,0.263571359
20050916,0.182188738
20050919,0.166679101
20050920,0.387589897
20050921,0.318615127
20050922,0.585289045
20050923,0.320813103
20050926,0.289535141
20050927,0.364908928
20050928,0.245596889
20050929,0.419418335
20050930,0.221141775
20051003,0.285229379
20051004,0.396768731
20051005,0.664855082
20051006,1.091649948
20051007,0.321274774
20051010,0.562549994
20051011,0.586973469
20051012,0.773672731
20051013,0.98099743
20051014,0.628432388
20051017,0.385528464
20051018,0.304527569
20051019,0.82128837
20051020,0.961704577
20051021,0.663687104
20051024,0.509513689
20051025,0.476298425
20051026,0.720788542
20051027,0.362982678
20051028,0.542750622
20051031,0.294232591
20051101,0.278750985
20051102,0.278128754
20051103,0.314176656
20051104,0.298637608
20051107,0.208505462
20051108,0.156615648
20051109,0.281355214
20051110,0.481844369
20051111,0.082919554
20051114,0.194765637
20051115,0.281785176
20051116,0.225582966
20051117,0.197538891
20051118,0.245909671
20051121,0.222122366
20051122,0.277142748
20051123,0.166655187
20051128,0.193767432
20051129,0.267744955
20051130,0.337338634
20051201,0.184920507
20051202,0.153329576
20051205,0.208120312
20051206,0.268295174
20051207,0.305564677
20051208,0.426125069
20051209,0.22025247
20051212,0.168082495
20051213,0.275143237
20051214,0.230718145
20051215,0.245907053
20051216,0.147202211
20051219,0.187028235
20051220,0.259433906
20051221,0.215280125
20051222,0.121264032
20051223,0.081739405
20051227,0.323090905
20051228,0.119592167
20051229,0.131149512
20051230,0.156444058
20060103,0.553251483
20060104,0.326483589
20060105,0.239575811
20060106,0.269833489
20060109,0.150048764
20060110,0.175453031
20060111,0.256691346
20060112,0.15597167
20060113,0.198656226
20060117,0.162752378
20060118,0.325247253
20060119,0.173671378
20060120,0.447558333
20060123,0.263807845
20060124,0.292407217
20060125,0.654529485
20060126,0.296344804
20060127,0.298160004
20060130,0.099840504
20060131,0.326949818
20060201,0.435273268
20060202,0.441078504
20060203,0.364070156
20060206,0.25666003
20060207,0.393748264
20060208,0.185560015
20060209,0.226053333
20060210,0.464099985
20060213,0.223410713
20060214,0.336346221
20060215,0.424441127
20060216,0.134951632
20060217,0.122470854
20060221,0.297924471
20060222,0.164931736
20060223,0.25868784
20060224,0.165056865
20060227,0.167178516
20060228,0.30073976
20060301,0.146171515
20060302,0.278796341
20060303,0.384832946
20060306,0.299430252
20060307,0.297195676
20060308,0.320955599
20060309,0.17958173
20060310,0.366854773
20060313,0.141370892
20060314,0.188787827
20060315,0.159069299
20060316,0.21674651
20060317,0.135281503
20060320,0.222652305
20060321,0.254636138
20060322,0.209414826
20060323,0.199966379
20060324,0.203542253
20060327,0.126860775
20060328,0.340094787
20060329,0.193960319
20060330,0.384642927
20060331,0.237961924
20060403,0.200846793
20060404,0.326230249
20060405,0.260306269
20060406,0.199678105
20060407,0.494287411
20060410,0.180094467
20060411,0.358621325
20060412,0.205527019
20060413,0.224858531
20060417,0.201819282
20060418,0.507503252
20060419,0.404223726
20060420,0.42689269
20060421,0.258628917
20060424,0.220033992
20060425,0.340653774
20060426,0.271008437
20060427,0.932881439
20060428,0.226690777
20060501,0.422858194
20060502,0.173436857
20060503,0.265184006
20060504,0.144398379
20060505,0.164360495
20060508,0.056628713
20060509,0.053398252
20060510,0.191658926
20060511,0.390158696
20060512,0.750162456
20060515,0.571907555
20060516,0.297893194
20060517,0.703144949
20060518,0.676824201
20060519,0.888188825
20060522,1.005158779
20060523,0.537124882
20060524,1.612930853
20060525,0.336979053
20060526,0.119855371
20060530,0.362808624
20060531,0.50307215
20060601,0.448877939
20060602,0.554661475
20060605,0.508181306
20060606,0.998379171
20060607,0.646334791
20060608,1.546311808
20060609,0.639928599
20060612,0.638335984
20060613,1.651335822
20060614,0.811408073
20060615,0.536809938
20060616,0.456011965
20060619,0.591072505
20060620,0.442812103
20060621,0.468591742
20060622,0.361431223
20060623,0.487891692
20060626,0.222981589
20060627,0.336131468
20060628,0.250974965
20060629,0.65191875
20060630,0.20479999
20060705,0.250829655
20060706,0.217253288
20060707,0.346036628
20060710,0.235227536
20060711,0.399843761
20060712,0.308102308
20060713,0.525123457
20060714,0.865738184
20060717,0.578250838
20060718,0.835838639
20060719,0.740418502
20060720,0.385699228
20060721,0.841440481
20060724,0.321165898
20060725,0.608068656
20060726,0.421580335
20060727,0.483273934
20060728,0.417878526
20060731,0.184294415
20060801,0.264159796
20060802,0.269313404
20060803,0.300406394
20060804,0.577075445
20060807,0.213921698
20060808,0.77036538
20060809,0.313486117
20060810,0.472856589
20060811,0.254880907
20060814,0.181441494
20060815,0.256068191
20060816,0.174646773
20060817,0.165216876
20060818,0.184955318
20060821,0.136204432
20060822,0.176148096
20060823,0.189221552
20060824,0.184173933
20060825,0.131913109
20060828,0.149439377
20060829,0.197828072
20060830,0.158013607
20060831,0.099815963
20060901,0.110259631
20060905,0.105743715
20060906,0.143827186
20060907,0.282028174
20060908,0.155848475
20060911,0.228435287
20060912,0.180988642
20060913,0.147969039
20060914,0.132277657
20060915,0.162864283
20060918,0.236808339
20060919,0.220438452
20060920,0.24291034
20060921,0.308255637
20060922,0.206901738
20060925,0.315001561
20060926,0.315108897
20060927,0.327458171
20060928,0.165130782
20060929,0.10848048
20061002,0.169610678
20061003,0.237466021
20061004,0.216828962
20061005,0.116733591
20061006,0.218379035
20061009,0.111270591
20061010,0.132081788
20061011,0.183976747
20061012,0.100812547
20061013,0.11245507
20061016,0.057594919
20061017,0.162245724
20061018,0.313215114
20061019,0.103102629
20061020,0.074740083
20061023,0.21493894
20061024,0.202836447
20061025,0.28976469
20061026,0.177442552
20061027,0.259858432
20061030,0.154172207
20061031,0.269121039
20061101,0.190083535
20061102,0.17170428
20061103,0.368596603
20061106,0.168731181
20061107,0.22337353
20061108,0.34688554
20061109,0.288007413
20061110,0.150700532
20061113,0.164315279
20061114,0.315930394
20061115,0.161453984
20061116,0.137384053
20061117,0.140449515
20061120,0.17899907
20061121,0.080791023
20061122,0.154902988
20061127,0.38862014
20061128,0.412333509
20061129,0.301149525
20061130,0.544017687
20061201,0.637194365
20061204,0.218978488
20061205,0.203805832
20061206,0.104233388
20061207,0.211930109
20061208,0.251062699
20061211,0.10257072
20061212,0.241695361
20061213,0.132932489
20061214,0.22077377
20061215,0.152283443
20061218,0.10215261
20061219,0.255130845
20061220,0.089201117
20061221,0.178842299
20061222,0.224939163
20061226,0.074696484
20061227,0.11082355
20061228,0.12985522
20061229,0.236643196
20070103,0.370835769
20070104,0.387129434
20070105,0.358020722
20070108,0.332855844
20070109,0.350876377
20070110,0.248578138
20070111,0.139208456
20070112,0.132794861
20070116,0.1642121
20070117,0.260292956
20070118,0.250927602
20070119,0.120622684
20070122,0.177405003
20070123,0.183222396
20070124,0.110996145
20070125,0.216760486
20070126,0.370914807
20070129,0.227965407
20070130,0.168251831
20070131,0.299502516
20070201,0.143524144
20070202,0.137162135
20070205,0.09923032
20070206,0.109903652
20070207,0.090934139
20070208,0.200232308
20070209,0.288330816
20070212,0.148431299
20070213,0.101820204
20070214,0.175196151
20070215,0.099592912
20070216,0.05632869
20070220,0.156522302
20070221,0.171201908
20070222,0.279495496
20070223,0.16110652
20070226,0.137015142
20070227,2.233702254
20070228,1.124056977
20070301,1.330522247
20070302,0.666777985
20070305,1.195213703
20070306,0.465768183
20070307,0.349019815
20070308,0.27013487
20070309,0.404071223
20070312,0.241405132
20070313,0.661363013
20070314,1.469013752
20070315,0.440174424
20070316,0.297641227
20070319,0.246699177
20070320,0.221740392
20070321,0.6664361
20070322,0.194113266
20070323,0.238033765
20070326,0.534070035
20070327,0.234336077
20070328,0.51908632
20070329,0.512143328
20070330,0.533735792
20070402,0.234281812
20070403,0.259469169
20070404,0.126559063
20070405,0.080394892
20070409,0.11613281
20070410,0.127751535
20070411,0.225201598
20070412,0.212636786
20070413,0.178635031
20070416,0.093210051
20070417,0.162380714
20070418,0.125156313
20070419,0.208769192
20070420,0.130037362
20070423,0.159420059
20070424,0.235512542
20070425,0.160426262
20070426,0.173388263
20070427,0.215031443
20070430,0.225515582
20070501,0.378515911
20070502,0.113745664
20070503,0.187991863
20070504,0.185516834
20070507,0.074202511
20070508,0.111204789
20070509,0.204136383
20070510,0.352189531
20070511,0.177764948
20070514,0.247695587
20070515,0.500708977
20070516,0.228175259
20070517,0.179273211
20070518,0.133897989
20070521,0.15288857
20070522,0.220830582
20070523,0.265812062
20070524,0.570202499
20070525,0.184653535
20070529,0.256786041
20070530,0.322602905
20070531,0.152367525
20070601,0.192549983
20070604,0.110488142
20070605,0.245616631
20070606,0.241232534
20070607,0.723121922
20070608,0.494731056
20070611,0.236189485
20070612,0.495316512
20070613,0.531018301
20070614,0.252242847
20070615,0.140800652
20070618,0.168155801
20070619,0.179996454
20070620,0.494488207
20070621,0.724432712
20070622,0.778995318
20070625,1.172098762
20070626,0.697507287
20070627,0.596978849
20070628,0.585865503
20070629,0.694092134
20070702,0.226883071
20070705,0.211410903
20070706,0.175116132
20070709,0.139469306
20070710,0.506918057
20070711,0.496548625
20070712,0.230836717
20070713,0.205330472
20070716,0.194163171
20070717,0.23916887
20070718,0.65312618
20070719,0.173590469
20070720,0.83027611
20070723,0.195265465
20070724,0.682092383
20070725,1.293407602
20070726,2.631386721
20070727,1.960336699
20070730,1.397000555
20070731,1.036209135
20070801,2.964486549
20070802,1.163143525
20070803,1.688023339
20070806,1.964345554
20070807,2.184833726
20070808,1.153036411
20070809,2.462257513
20070810,3.967469251
20070813,0.865868311
20070814,1.68282525
20070815,2.119582263
20070816,5.46114861
20070817,2.205011067
20070820,1.236556814
20070821,1.038746586
20070822,0.61270982
20070823,0.837318855
20070824,0.395522065
20070827,0.340714958
20070828,0.463479044
20070829,0.679636201
20070830,0.784133794
20070831,0.745992332
20070904,0.367358506
20070905,0.503795891
20070906,0.454370914
20070907,0.99959137
20070910,0.970271568
20070911,0.63029472
20070912,0.474379246
20070913,0.354363824
20070914,0.400325296
20070917,0.252643028
20070918,2.077253531
20070919,0.455453328
20070920,0.36395436
20070921,0.212090772
20070924,0.398989176
20070925,0.354002786
20070926,0.283335877
20070927,0.198713764
20070928,0.253447865
20071001,0.304913706
20071002,0.194172236
20071003,0.22898573
20071004,0.157087185
20071005,0.256301978
20071008,0.137527691
20071009,0.295909645
20071010,0.261287714
20071011,0.784313393
20071012,0.298190441
20071015,0.514482414
20071016,0.413057722
20071017,0.770115444
20071018,0.485683119
20071019,0.983895679
20071022,0.931907033
20071023,0.629013602
20071024,1.856176205
20071025,1.430603442
20071026,0.382847408
20071029,0.331973605
20071030,0.207390165
20071031,1.243088014
20071101,1.395311248
20071102,2.05785812
20071105,1.43588228
20071106,0.67069811
20071107,1.683149549
20071108,3.490920682
20071109,2.108291758
20071112,1.616275502
20071113,0.827954951
20071114,1.13262256
20071115,1.406167673
20071116,1.651774884
20071119,1.136571603
20071120,3.048102059
20071121,2.038520158
20071126,1.235855122
20071127,2.162724973
20071128,0.761319713
20071129,1.090245479
20071130,0.851298718
20071203,0.709738217
20071204,0.468716866
20071205,0.620074754
20071206,0.413220392
20071207,0.328481648
20071210,0.305056275
20071211,2.182406383
20071212,2.235201258
20071213,1.30958274
20071214,0.705261436
20071217,0.894896654
20071218,1.021702423
20071219,1.151370858
20071220,0.740795521
20071221,0.272130307
20071226,0.166182655
20071227,0.331242672
20071228,0.479181631
20071231,0.470726793
20080102,1.112895716
20080103,0.522463966
20080104,1.226830368
20080107,1.60009686
20080108,2.176928727
20080109,2.247407127
20080110,3.266766834
20080111,1.716764017
20080114,0.492540846
20080115,1.030789348
20080116,2.705904791
20080117,3.228809718
20080118,3.648085899
20080122,7.278196785
20080123,7.818949327
20080124,3.001704301
20080125,2.561471396
20080128,2.300148178
20080129,1.004379885
20080130,2.53601322
20080131,4.230872307
20080201,1.420428323
20080204,0.626016667
20080205,1.509240327
20080206,1.314834033
20080207,2.766956794
20080208,1.706724659
20080211,0.965084505
20080212,1.443929246
20080213,0.758192888
20080214,1.303423778
20080215,0.827682829
20080219,0.777851817
20080220,1.422343813
20080221,1.132962948
20080222,1.621875217
20080225,2.286887434
20080226,0.81552061
20080227,1.06917861
20080228,0.763434909
20080229,0.99580829
20080303,1.128881836
20080304,1.736993419
20080305,1.55051694
20080306,1.521868509
20080307,2.41441993
20080310,1.385863304
20080311,1.524765443
20080312,1.065361003
20080313,2.862521307
20080314,5.035319995
20080317,3.233031724
20080318,2.014676474
20080319,2.299813797
20080320,1.577952524
20080324,0.874729366
20080325,0.981106966
20080326,0.897418792
20080327,1.230559648
20080328,0.80098292
20080331,0.86921497
20080401,0.832769856
20080402,0.885094398
20080403,0.760522072
20080404,0.682450747
20080407,0.538392392
20080408,0.528902015
20080409,0.517991754
20080410,0.754900922
20080411,0.685738511
20080414,0.555349483
20080415,0.580007177
20080416,0.484749834
20080417,0.540788393
20080418,0.537504469
20080421,0.350054597
20080422,0.497568631
20080423,0.633625773
20080424,1.14315951
20080425,0.734659588
20080428,0.3854617
20080429,0.335639535
20080430,1.304240656
20080501,0.695852895
20080502,0.83447858
20080505,0.374568515
20080506,0.509836381
20080507,0.533418786
20080508,0.701115922
20080509,0.426067527
20080512,0.417341985
20080513,0.292946444
20080514,0.350067571
20080515,0.473406567
20080516,0.385181217
20080519,0.537380571
20080520,0.490696314
20080521,0.858967122
20080522,0.45132659
20080523,0.634437108
20080527,0.501640508
20080528,0.616864991
20080529,0.528472401
20080530,0.515485768
20080602,0.51034541
20080603,0.834810579
20080604,1.002225922
20080605,0.718658824
20080606,1.33358076
20080609,1.006371638
20080610,1.037482697
20080611,1.211064212
20080612,0.784291974
20080613,1.203063864
20080616,0.54419584
20080617,0.676500496
20080618,0.874745979
20080619,0.732769611
20080620,0.808069013
20080623,0.70074887
20080624,0.810990691
20080625,1.023354776
20080626,0.979061858
20080627,1.113314636
20080630,0.919011374
20080701,1.911829939
20080702,1.240753124
20080707,2.155310349
20080708,1.423800355
20080709,1.415611325
20080710,2.615838117
20080711,4.718703859
20080714,1.731429847
20080715,2.653458513
20080716,2.085646157
20080717,1.555821557
20080718,0.909095092
20080721,0.478370498
20080722,0.966993631
20080723,1.096077791
20080724,0.747571517
20080725,1.119672761
20080728,0.70242971
20080729,0.785297776
20080730,1.176870223
20080731,1.057402952
20080801,1.143718631
20080804,0.680381845
20080805,0.690958074
20080806,0.58115275
20080807,0.842346646
20080808,0.861365843
20080811,0.705040101
20080812,0.688970836
20080813,1.11073908
20080814,0.794998694
20080815,0.789797794
20080818,0.779864417
20080819,0.710557352
20080820,1.072123977
20080821,0.839371952
20080822,0.528239715
20080825,0.587038179
20080826,0.634753036
20080827,0.668302186
20080828,0.445512508
20080829,0.488851983
20080902,0.992274493
20080903,1.191559457
20080904,1.232843884
20080905,1.636150547
20080908,2.99611114
20080909,1.719268021
20080910,1.705426791
20080911,2.767617355
20080912,1.950268548
20080915,4.611212465
20080916,11.07414883
20080917,6.991161355
20080918,14.60509581
20080919,4.296505392
20080922,2.276958583
20080923,3.957224754
20080924,3.224679984
20080925,2.709230897
20080926,2.751710819
20080929,20.64722488
20080930,3.750438158
20081001,4.288100075
20081002,3.916458466
20081003,9.74315618
20081006,14.43758905
20081007,9.337623603
20081008,25.57608162
20081009,17.6456294
20081010,60.56250944
20081013,8.935624322
20081014,20.87402133
20081015,13.33033124
20081016,32.73769273
20081017,15.95872462
20081020,6.181759053
20081021,7.73611635
20081022,11.37085255
20081023,36.13252488
20081024,23.3805366
20081027,16.11864753
20081028,16.60439257
20081029,25.02164152
20081030,10.10286752
20081031,9.935088269
20081103,2.56633793
20081104,3.110654159
20081105,5.594923032
20081106,7.634130681
20081107,6.397370704
20081110,6.654170056
20081111,8.205421967
20081112,5.474943778
20081113,30.29364425
20081114,17.05669233
20081117,11.75037627
20081118,13.77420646
20081119,12.53952956
20081120,25.77016665
20081121,24.86219416
20081124,12.21985378
20081125,12.92016285
20081126,6.584936685
20081201,6.185020923
20081202,11.18611444
20081203,9.056256193
20081204,8.754859334
20081205,11.37935389
20081208,5.830424523
20081209,6.774336356
20081210,5.357067137
20081211,4.323003339
20081212,7.552997552
20081215,4.273328682
20081216,5.668724318
20081217,5.425736258
20081218,4.471263533
20081219,3.290260892
20081222,2.84254534
20081223,3.266752716
20081226,0.425919682
20081229,1.439233711
20081230,1.579958129
20081231,1.580719221
20090102,1.711860233
20090105,1.612622971
20090106,2.104670638
20090107,1.553846384
20090108,2.237339596
20090109,2.726396757
20090112,1.717188823
20090113,3.036192624
20090114,2.95883361
20090115,6.0781001
20090116,4.406894268
20090119,0.393741729
20090120,6.654018465
20090121,5.233402395
20090122,8.486446382
20090123,7.277891166
20090126,4.856556059
20090127,3.710251767
20090128,2.531900598
20090129,2.417129418
20090130,3.123737212
20090202,2.678687153
20090203,2.579077918
20090204,2.821008092
20090205,3.713204332
20090206,2.518692681
20090209,2.163042643
20090210,5.852870337
20090211,3.482484702
20090212,5.103669035
20090213,3.611160629
20090217,4.33976847
20090218,4.747906764
20090219,3.27767712
20090220,4.996926216
20090223,3.838503962
20090224,4.415783213
20090225,5.923747345
20090226,4.159233881
20090227,5.346110931
20090302,3.826897161
20090303,6.288152615
20090304,3.750794342
20090305,5.289423212
20090306,9.166067606
20090309,5.829992983
20090310,4.322933635
20090311,4.528363138
20090312,3.240333945
20090313,4.061135637
20090316,3.326735176
20090317,3.692878628
20090318,8.719072219
20090319,4.025504736
20090320,2.752546907
20090323,3.037285578
20090324,2.319134277
20090325,4.942683038
20090326,4.448677772
20090327,2.368131787
20090330,2.587690756
20090331,2.993876395
20090401,3.318039085
20090402,2.251181837
20090403,2.380920657
20090406,2.369225024
20090407,2.169778416
20090408,1.862517121
20090409,1.548617435
20090413,1.698045509
20090414,1.884378351
20090415,1.409147292
20090416,1.869263816
20090417,1.368964412
20090420,1.215847647
20090421,1.962125217
20090422,2.690665136
20090423,2.813071889
20090424,1.845624039
20090427,2.307420098
20090428,1.653243074
20090429,2.087543194
20090430,2.420252288
20090501,1.607646447
20090504,1.918428879
20090505,1.104157866
20090506,1.90810588
20090507,2.606870647
20090508,1.832787712
20090511,1.119129159
20090512,1.605764867
20090513,1.941978127
20090514,1.35896024
20090515,1.466343581
20090518,0.780064232
20090519,1.426045045
20090520,1.750119655
20090521,1.445925008
20090522,1.232456444
20090526,1.726877603
20090527,1.955280427
20090528,2.530705088
20090529,2.473706651
20090601,0.999354238
20090602,1.222636135
20090603,1.142460728
20090604,0.873383567
20090605,2.092364046
20090608,1.315024425
20090609,0.805369232
20090610,1.414660301
20090611,1.355654773
20090612,0.909146769
20090615,0.919411284
20090616,1.140275157
20090617,1.556900254
20090618,1.012541024
20090619,0.637919781
20090622,1.19037995
20090623,1.347548743
20090624,1.421792055
20090625,1.456577134
20090626,0.929791403
20090629,0.729881262
20090630,1.030178938
20090701,0.80308718
20090702,0.758361137
20090706,0.892996506
20090707,0.939835718
20090708,1.707313386
20090709,1.171508688
20090710,1.464524538
20090713,1.188764469
20090714,0.657913798
20090715,0.510485677
20090716,0.779835997
20090717,0.551363498
20090720,0.806099439
20090721,0.908066204
20090722,0.895180292
20090723,1.156050385
20090724,0.875222379
20090727,0.954440206
20090728,1.076879013
20090729,0.958248615
20090730,0.968660941
20090731,0.9934557
20090803,0.925725015
20090804,0.514989165
20090805,0.965077493
20090806,0.739286976
20090807,0.825912127
20090810,0.472240679
20090811,0.69930763
20090812,1.090679371
20090813,0.96163059
20090814,0.854964376
20090817,0.678825759
20090818,0.474937903
20090819,0.858573979
20090820,0.240365377
20090821,0.657760472
20090824,0.68652517
20090825,0.967585257
20090826,0.670032731
20090827,0.638965699
20090828,0.686844145
20090831,0.468392545
20090901,1.408668832
20090902,0.920916329
20090903,0.379769569
20090904,0.571473142
20090908,0.416246343
20090909,0.500879831
20090910,0.55757385
20090911,0.727853394
20090914,0.578662571
20090915,0.585846198
20090916,0.464083313
20090917,0.788071729
20090918,0.367377901
20090921,0.544094141
20090922,0.38643272
20090923,1.084128113
20090924,1.252832029
20090925,0.776204077
20090928,0.534851979
20090929,0.947508795
20090930,1.440982155
20091001,1.020841355
20091002,0.892316643
20091005,0.779001553
20091006,0.736807633
20091007,0.721764756
20091008,0.603449487
20091009,0.273190637
20091012,0.237678755
20091013,0.536053801
20091014,0.363244839
20091015,0.283423225
20091016,0.566521316
20091019,0.314036999
20091020,0.553118394
20091021,0.997009149
20091022,0.761899698
20091023,1.038744458
20091026,1.78538382
20091027,1.596239535
20091028,1.23487442
20091029,0.600479402
20091030,2.47112291
20091102,3.006428877
20091103,1.46845211
20091104,1.237140346
20091105,0.758268437
20091106,0.878025296
20091109,0.260925945
20091110,0.46413719
20091111,0.647357362
20091112,0.77293114
20091113,0.57401958
20091116,0.545960931
20091117,0.433834791
20091118,0.455857533
20091119,0.703477656
20091120,0.333039685
20091123,0.324643881
20091124,0.401334323
20091125,0.212038027
20091127,0.6789798
20091130,0.60119794
20091201,0.356366354
20091202,0.433283236
20091203,0.722946542
20091204,1.14443246
20091207,0.472146108
20091208,0.572687587
20091209,0.613132213
20091210,0.25783732
20091211,0.414971884
20091214,0.180793654
20091215,0.216611955
20091216,0.317812901
20091217,0.389440012
20091218,0.288688112
20091221,0.209737354
20091222,0.25026622
20091223,0.180856722
20091224,0.068698088
20091228,0.130298888
20091229,0.105857079
20091230,0.1868945
20091231,0.217247442
20100104,0.253186848
20100105,0.228616644
20100106,0.188441695
20100107,0.278222599
20100108,0.248148733
20100111,0.248749963
20100112,0.299320476
20100113,0.306881097
20100114,0.226309208
20100115,0.275613405
20100119,0.232028994
20100120,0.488199129
20100121,1.677908852
20100122,1.196049543
20100125,0.711745921
20100126,0.786699544
20100127,0.993683926
20100128,1.71253458
20100129,1.485332816
20100201,0.663169434
20100202,0.506718991
20100203,0.69342392
20100204,1.214224237
20100205,2.746923164
20100208,0.800166636
20100209,1.748168804
20100210,0.847869275
20100211,0.993793007
20100212,1.13257658
20100216,0.441305049
20100217,0.468282184
20100218,0.361236691
20100219,0.375138811
20100222,0.449348318
20100223,0.845453095
20100224,0.588739096
20100225,0.62049845
20100226,0.495038166
20100301,0.210159913
20100302,0.294026738
20100303,0.258365804
20100304,0.265529785
20100305,0.231925002
20100308,0.201483789
20100309,0.270817635
20100310,0.385407675
20100311,0.301279871
20100312,0.261890202
20100315,0.312756282
20100316,0.298251575
20100317,0.248827597
20100318,0.254154883
20100319,0.381703338
20100322,0.345880118
20100323,0.295357737
20100324,0.316086886
20100325,0.455594429
20100326,0.478739289
20100329,0.14664082
20100330,0.261360024
20100331,0.400174728
20100401,0.237459507
20100405,0.197223492
20100406,0.138621678
20100407,0.319608584
20100408,0.210577992
20100409,0.249464618
20100412,0.211759888
20100413,0.195947719
20100414,0.178434646
20100415,0.165821823
20100416,1.450649214
20100419,0.498644054
20100420,0.190461857
20100421,0.337457808
20100422,0.486414486
20100423,0.535954395
20100426,0.337829598
20100427,1.429900718
20100428,0.820512133
20100429,0.365206182
20100430,0.905970371
20100503,0.443733741
20100504,1.135175964
20100505,1.49914897
20100506,18.54821255
20100507,8.419843927
20100510,2.194070861
20100511,1.383353009
20100512,0.837286416
20100513,0.836525605
20100514,2.044477482
20100517,2.291810284
20100518,2.092018417
20100519,3.114737484
20100520,4.500317613
20100521,4.213802016
20100524,1.673380332
20100525,3.143234132
20100526,1.981346226
20100527,1.183956837
20100528,2.454839987
20100601,2.005213056
20100602,1.056282111
20100603,1.130785288
20100604,1.700781697
20100607,1.385881926
20100608,2.489324222
20100609,1.401015469
20100610,1.299102518
20100611,0.961901145
20100614,0.969022697
20100615,0.525711301
20100616,0.775374229
20100617,0.828445414
20100618,0.376756005
20100621,0.846904354
20100622,1.079785356
20100623,1.649556815
20100624,1.148442596
20100625,1.323964108
20100628,0.77460676
20100629,2.206681285
20100630,1.211505094
20100701,3.024578544
20100702,1.832713126
20100706,1.672556966
20100707,1.120232663
20100708,1.124656658
20100709,0.565934135
20100712,0.689571514
20100713,0.665513909
20100714,0.830303326
20100715,1.349204673
20100716,1.177109816
20100719,0.778575401
20100720,1.030610738
20100721,1.208858651
20100722,0.917615635
20100723,1.122611778
20100726,0.607881659
20100727,0.663361089
20100728,0.574038045
20100729,0.959946203
20100730,1.310314431
20100802,0.489858162
20100803,0.447473444
20100804,0.481251242
20100805,0.356718173
20100806,0.733520018
20100809,0.223184561
20100810,0.824185615
20100811,0.606514221
20100812,0.857995479
20100813,0.525576081
20100816,0.544168826
20100817,0.427751241
20100818,0.557665207
20100819,1.509943837
20100820,0.606768022
20100823,0.597907291
20100824,0.870593737
20100825,0.917196368
20100826,1.065368284
20100827,1.153794225
20100830,0.633337584
20100831,1.878147788
20100901,1.265850803
20100902,0.27810605
20100903,0.44856041
20100907,0.572228133
20100908,0.49381352
20100909,0.432818237
20100910,0.226736084
20100913,0.326062259
20100914,0.453636121
20100915,0.391484501
20100916,0.272776376
20100917,0.39541571
20100920,0.330713312
20100921,0.549996192
20100922,0.547112675
20100923,0.553073269
20100924,0.34051148
20100927,0.354916596
20100928,0.61130036
20100929,0.615235717
20100930,0.98539285
20101001,0.633524153
20101004,0.548665004
20101005,0.347365005
20101006,0.337928476
20101007,0.441233465
20101008,0.409080782
20101011,0.296346047
20101012,0.560823336
20101013,0.388345062
20101014,0.564881335
20101015,0.572632632
20101018,0.320647742
20101019,1.016772958
20101020,0.753427104
20101021,0.827117222
20101022,0.20616959
20101025,0.307018496
20101026,0.340718834
20101027,0.378365267
20101028,0.439565753
20101029,0.34227831
20101101,0.48476335
20101102,0.170835222
20101103,1.027806882
20101104,0.297228283
20101105,0.351703328
20101108,0.233723364
20101109,0.504886033
20101110,0.526344084
20101111,0.52079411
20101112,0.657938176
20101115,0.374189696
20101116,0.941916432
20101117,0.457477536
20101118,0.301353291
20101119,0.307955773
20101122,0.664857149
20101123,0.515098798
20101124,0.267026535
20101126,0.219314041
20101129,0.794731019
20101130,0.604204886
20101201,0.350910487
20101202,0.191327388
20101203,0.258616063
20101206,0.173032535
20101207,0.4670622
20101208,0.296733662
20101209,0.208692502
20101210,0.156358045
20101213,0.238392284
20101214,0.226359426
20101215,0.23980721
20101216,0.301916399
20101217,0.106869693
20101220,0.130839997
20101221,0.058925759
20101222,0.055700992
20101223,0.088674825
20101227,0.080923672
20101228,0.061869849
20101229,0.04328912
20101230,0.101476341
20101231,0.122667488
20110103,0.175717348
20110104,0.196814906
20110105,0.196724523
20110106,0.254367684
20110107,0.488487706
20110110,0.348459294
20110111,0.245834154
20110112,0.103960366
20110113,0.189631269
20110114,0.195750186
20110118,0.195292335
20110119,0.256875575
20110120,0.436652202
20110121,0.249126672
20110124,0.179752598
20110125,0.412954535
20110126,0.338050818
20110127,0.234896365
20110128,0.649401452
20110131,0.302591052
20110201,0.179642024
20110202,0.13474472
20110203,0.384552885
20110204,0.342697599
20110207,0.196015198
20110208,0.156196875
20110209,0.262918961
20110210,0.453639555
20110211,0.248915856
20110214,0.125193208
20110215,0.193765554
20110216,0.313526476
20110217,0.161159257
20110218,0.148872377
20110221,0.066573069
20110222,0.615028
20110223,1.042241258
20110224,0.933073815
20110225,0.293473982
20110228,0.225501815
20110301,0.650289759
20110302,0.465996607
20110303,0.242982504
20110304,0.621300601
20110307,0.672588184
20110308,0.486994865
20110309,0.594998384
20110310,0.793583669
20110311,0.471009367
20110314,0.853628554
20110315,1.361477662
20110316,1.776989994
20110317,0.803202024
20110318,0.623725801
20110321,0.231367463
20110322,0.277365697
20110323,0.398108053
20110324,0.301084872
20110325,0.238919354
20110328,0.14623328
20110329,0.228209964
20110330,0.214579644
20110331,0.183486907
20110401,0.228975659
20110404,0.219900278
20110405,0.201428232
20110406,0.198433245
20110407,0.629543148
20110408,0.246177958
20110411,0.29318005
20110412,0.366911329
20110413,0.405875133
20110414,0.359842584
20110415,0.257762329
20110418,0.405002669
20110419,0.208293169
20110420,0.151007061
20110421,0.11823018
20110425,0.149765233
20110426,0.167006448
20110427,0.242756645
20110428,0.135598101
20110429,0.087464233
20110502,0.258605901
20110503,0.33738784
20110504,0.593071922
20110505,0.749791617
20110506,0.823267728
20110509,0.274210576
20110510,0.172054195
20110511,0.462238732
20110512,0.594697397
20110513,0.493941241
20110516,0.424371052
20110517,0.688374604
20110518,0.301488842
20110519,0.384984992
20110520,0.391030308
20110523,0.424330839
20110524,0.311512818
20110525,0.325510537
20110526,0.460610212
20110527,0.250162997
20110531,0.258136211
20110601,0.586138263
20110602,0.685283731
20110603,0.516534914
20110606,0.408304183
20110607,0.339653624
20110608,0.647533082
20110609,0.280414175
20110610,0.722524583
20110613,0.49682479
20110614,0.2220248
20110615,0.695993904
20110616,0.829695148
20110617,0.701394042
20110620,0.403920759
20110621,0.256442837
20110622,0.34744056
20110623,1.8851222
20110624,0.533285162
20110627,0.465042395
20110628,0.292760414
20110629,0.377848001
20110630,0.359980223
20110701,0.522332636
20110705,0.376243947
20110706,0.305168468
20110707,0.130053859
20110708,0.453244437
20110711,0.53815995
20110712,0.767952317
20110713,0.544672197
20110714,0.9878581
20110715,0.700479382
20110718,0.592892803
20110719,0.48855395
20110720,0.241484973
20110721,0.693030786
20110722,0.296095574
20110725,0.361829835
20110726,0.297764197
20110727,0.738059008
20110728,0.517946332
20110729,1.434643241
20110801,2.52117419
20110802,1.133395655
20110803,2.460905148
20110804,3.00252391
20110805,9.29977897
20110808,7.670584761
20110809,19.55090845
20110810,9.679110217
20110811,5.56120221
20110812,3.178065551
20110815,0.753825506
20110816,2.031626146
20110817,0.944848948
20110818,4.464935353
20110819,3.9150064
20110822,1.928602865
20110823,2.550606484
20110824,1.778544609
20110825,8.505739796
20110826,3.71815043
20110829,0.476441362
20110830,2.258093122
20110831,1.514369477
20110901,2.562227922
20110902,1.090524981
20110906,1.587827755
20110907,0.682868266
20110908,2.052663754
20110909,2.580283334
20110912,2.874760536
20110913,2.214761647
20110914,2.429661159
20110915,1.037383017
20110916,0.889806436
20110919,1.302448904
20110920,1.15197305
20110921,2.010472659
20110922,5.258173744
20110923,3.336390008
20110926,3.138326372
20110927,1.981012675
20110928,2.730096865
20110929,3.504975515
20110930,2.999168175
20111003,4.530741453
20111004,7.255509731
20111005,3.210998071
20111006,2.196019308
20111007,2.295026608
20111010,0.878682688
20111011,1.175321292
20111012,1.302484605
20111013,1.449022467
20111014,0.825980324
20111017,1.138147365
20111018,2.411058177
20111019,1.445934845
20111020,2.129459698
20111021,1.041392269
20111024,0.736463057
20111025,1.404226759
20111026,1.82809349
20111027,1.263696433
20111028,0.749709464
20111031,0.942137826
20111101,3.024557378
20111102,1.342919074
20111103,1.540117211
20111104,1.005512229
20111107,1.120215811
20111108,1.07106641
20111109,1.656883853
20111110,1.899972538
20111111,0.412836153
20111114,0.837474738
20111115,1.065123005
20111116,1.430396591
20111117,2.72490092
20111118,1.121834736
20111121,1.281895339
20111122,1.773174627
20111123,1.643541602
20111125,0.974629491
20111128,0.921638469
20111129,0.991232387
20111130,0.642214314
20111201,0.68225414
20111202,0.968161964
20111205,0.827845348
20111206,0.586005362
20111207,0.870167196
20111208,1.67642396
20111209,0.759266055
20111212,0.734575268
20111213,1.450025779
20111214,1.55123288
20111215,0.690963219
20111216,0.736103445
20111219,0.85763389
20111220,0.532952295
20111221,0.924788704
20111222,0.339295464
20111223,0.213195144
20111227,0.210870936
20111228,0.437418549
20111229,0.21895997
20111230,0.184713158
20120103,0.406349912
20120104,0.347942255
20120105,0.501586342
20120106,0.340151878
20120109,0.232765262
20120110,0.241538619
20120111,0.337366672
20120112,0.367905484
20120113,0.386943082
20120117,0.244948028
20120118,0.405296057
20120119,0.254259941
20120120,0.141488712
20120123,0.312699107
20120124,0.174514719
20120125,0.506952841
20120126,0.494218971
20120127,0.331026043
20120130,0.337125298
20120131,0.580640014
20120201,0.237188109
20120202,0.254012479
20120203,0.16052889
20120206,0.185565071
20120207,0.275200965
20120208,0.190966719
20120209,0.318402549
20120210,0.261107418
20120213,0.146125819
20120214,0.293359733
20120215,0.597290021
20120216,0.33363096
20120217,0.127669044
20120221,0.273806127
20120222,0.242696861
20120223,0.180741109
20120224,0.13947311
20120227,0.281877532
20120228,0.300086028
20120229,0.429576955
20120301,0.437968834
20120302,0.292917025
20120305,0.28705255
20120306,0.258899547
20120307,0.170749946
20120308,0.192738695
20120309,0.206209446
20120312,0.257989039
20120313,0.293761612
20120314,0.256763718
20120315,0.253228687
20120316,0.11639468
20120319,0.171897711
20120320,0.26325647
20120321,0.287753577
20120322,0.299446431
20120323,0.208308423
20120326,0.110167979
20120327,0.193103024
20120328,0.362246301
20120329,0.374252137
20120330,0.228854924
20120402,0.23606107
20120403,0.508084992
20120404,0.355004207
20120405,0.299080127
20120409,0.20139064
20120410,0.681240224
20120411,0.271739363
20120412,0.227932696
20120413,0.374625225
20120416,0.590597465
20120417,0.210545255
20120418,0.260567482
20120419,0.833098884
20120420,0.222898019
20120423,0.317147121
20120424,0.340494155
20120425,0.301037334
20120426,0.231984952
20120427,0.269399398
20120430,0.19607618
20120501,0.501204624
20120502,0.247578512
20120503,0.41752272
20120504,0.487617622
20120507,0.445657785
20120508,0.799906031
20120509,1.275813172
20120510,0.499211117
20120511,0.406376117
20120514,0.514341393
20120515,0.732051785
20120516,0.720489889
20120517,1.150579981
20120518,0.96454691
20120521,0.530608462
20120522,0.948919723
20120523,1.12386534
20120524,0.918693761
20120525,0.567354854
20120529,0.485762428
20120530,0.701960383
20120531,1.158415444
20120601,0.687184443
20120604,0.706375367
20120605,0.598217851
20120606,0.417725913
20120607,0.66221072
20120608,0.393681781
20120611,0.635502003
20120612,0.832611249
20120613,0.742129255
20120614,0.807357552
20120615,0.264364403
20120618,0.427639947
20120619,0.342410996
20120620,0.855504069
20120621,0.777656408
20120622,0.410979171
20120625,0.345721685
20120626,0.506878368
20120627,0.354965714
20120628,1.008615021
20120629,0.211363874
20120702,0.587697169
20120705,0.276381155
20120706,0.319400152
20120709,0.352447615
20120710,0.500997137
20120711,0.717231968
20120712,0.425993499
20120713,0.360927514
20120716,0.273440955
20120717,0.726946793
20120718,0.288469544
20120719,0.355803805
20120720,0.261403383
20120723,0.495693643
20120724,0.890778248
20120725,0.539714144
20120726,0.440286393
20120727,0.586822964
20120730,0.427220148
20120731,0.406988256
20120801,0.659176373
20120802,0.853490325
20120803,0.23881329
20120806,0.16433098
20120807,0.120352515
20120808,0.177415141
20120809,0.231416812
20120810,0.193549109
20120813,0.202150302
20120814,0.215360056
20120815,0.137351872
20120816,0.156082181
20120817,0.098016321
20120820,0.136648962
20120821,0.275853928
20120822,0.365208841
20120823,0.400030884
20120824,0.282787727
20120827,0.189068279
20120828,0.280528469
20120829,0.159038621
20120830,0.200491245
20120831,0.747246586
20120904,0.313024016
20120905,0.214188509
20120906,0.292672927
20120907,0.111886907
20120910,0.134761083
20120911,0.137900361
20120912,0.198854671
20120913,0.696367979
20120914,0.374335801
20120917,0.15385861
20120918,0.156682323
20120919,0.258688252
20120920,0.22133794
20120921,0.113374928
20120924,0.158773259
20120925,0.297461063
20120926,0.459549632
20120927,0.26105123
20120928,0.391258301
20121001,0.762028705
20121002,0.471466709
20121003,0.375116821
20121004,0.227205341
20121005,0.351812982
20121008,0.171054051
20121009,0.318002455
20121010,0.307990672
20121011,0.283918845
20121012,0.339295064
20121015,0.249193228
20121016,0.180946647
20121017,0.191534035
20121018,0.348587327
20121019,0.565086405
20121022,0.433489742
20121023,0.514695182
20121024,0.406606246
20121025,0.536427886
20121026,0.713238488
20121031,0.528389112
20121101,0.26394645
20121102,0.425188642
20121105,0.276558122
20121106,0.37555203
20121107,0.975892439
20121108,0.869666405
20121109,0.972422995
20121112,0.337581929
20121113,0.586219104
20121114,0.849053794
20121115,1.008706441
20121116,1.083060315
20121119,0.339105789
20121120,0.575310123
20121121,0.154243893
20121126,0.278852622
20121127,0.466048278
20121128,0.769300429
20121129,0.660319691
20121130,0.354972219
20121203,0.418425635
20121204,0.453810929
20121205,0.496549173
20121206,0.268476683
20121207,0.258405954
20121210,0.226209241
20121211,0.212533737
20121212,0.333721482
20121213,0.413772087
20121214,0.276602218
20121217,0.259819308
20121218,0.292568051
20121219,0.298612195
20121220,0.330341691
20121221,0.482876883
20121226,0.250689517
20121227,1.117395401
20121228,0.57544463
20121231,1.272382246
20130102,0.389254107
20130103,0.289423843
20130104,0.24411582
20130107,0.138919705
20130108,0.199566939
20130109,0.158275431
20130110,0.172455402
20130111,0.118628119
20130114,0.224861076
20130115,0.137511107
20130116,0.082158925
20130117,0.136029487
20130118,0.154507036
20130122,0.159420753
20130123,0.080891295
20130124,0.240878305
20130125,0.20601954
20130128,0.133083415
20130129,0.198313103
20130130,0.233939697
20130131,0.211948871
20130201,0.187642263
20130204,0.233224101
20130205,0.157371409
20130206,0.216353045
20130207,0.365137469
20130208,0.107430337
20130211,0.090906908
20130212,0.056640289
20130213,0.142332296
20130214,0.121807416
20130215,0.208125583
20130219,0.135364324
20130220,0.326112275
20130221,0.359336653
20130222,0.206621477
20130225,0.771603536
20130226,0.700223641
20130227,0.352041873
20130228,0.331831523
20130301,0.498442737
20130304,0.286222916
20130305,0.258138556
20130306,0.215997335
20130307,0.100443445
20130308,0.182829959
20130311,0.089759435
20130312,0.202416944
20130313,0.159569054
20130314,0.099789376
20130315,0.145181658
20130318,0.26542442
20130319,0.724017263
20130320,0.254119872
20130321,0.445346863
20130322,0.212227293
20130325,0.553262113
20130326,0.146550304
20130327,0.190156335
20130328,0.147636651
20130401,0.323157096
20130402,0.183933852
20130403,0.337462615
20130404,0.507030819
20130405,0.386640609
20130408,0.207327851
20130409,0.245910179
20130410,0.188640413
20130411,0.184445836
20130412,0.303067094
20130415,1.023400862
20130416,0.35218555
20130417,0.764007953
20130418,0.756035612
20130419,0.397159344
20130422,0.363934431
20130423,0.869793852
20130424,0.170767018
20130425,0.230056628
20130426,0.228298734
20130429,0.144966788
20130430,0.211982872
20130501,0.348295768
20130502,0.157282866
20130503,0.128284662
20130506,0.079117041
20130507,0.140014859
20130508,0.096253391
20130509,0.300756572
20130510,0.31181523
20130513,0.156894489
20130514,0.165408261
20130515,0.310660599
20130516,0.367301486
20130517,0.155094182
20130520,0.250271908
20130521,0.31035368
20130522,1.432216771
20130523,0.716816174
20130524,0.531484925
20130528,0.341071909
20130529,0.666942586
20130530,0.337982311
20130531,0.706874384
20130603,0.665278566
20130604,0.759581062
20130605,0.72824342
20130606,0.835046907
20130607,0.443728033
20130610,0.335897812
20130611,0.564031973
20130612,0.674782715
20130613,0.537037993
20130614,0.560242039
20130617,0.52694924
20130618,0.292029897
20130619,1.357916136
20130620,0.933362766
20130621,1.469936231
20130624,1.284493507
20130625,0.573026699
20130626,0.287901409
20130627,0.31589433
20130628,0.564215856
20130701,0.284759591
20130702,0.426754158
20130705,0.635066301
20130708,0.280401225
20130709,0.205079837
20130710,0.425267151
20130711,0.19548412
20130712,0.209733004
20130715,0.097664246
20130716,0.145501566
20130717,0.233698775
20130718,0.152991389
20130719,0.122537143
20130722,0.131414742
20130723,0.1096088
20130724,0.229798451
20130725,0.245672981
20130726,0.23294582
20130729,0.173746435
20130730,0.202333998
20130731,0.385984192
20130801,0.135559223
20130802,0.102358256
20130805,0.068752288
20130806,0.143281912
20130807,0.156629425
20130808,0.196588021
20130809,0.231596406
20130812,0.153063428
20130813,0.207559331
20130814,0.248340573
20130815,0.272244032
20130816,0.318405298
20130819,0.183019139
20130820,0.211661334
20130821,0.808100371
20130822,0.246983869
20130823,0.180636233
20130826,0.180488302
20130827,0.446725367
20130828,0.257692898
20130829,0.348314042
20130830,0.540351048